MeshVersionFormatted 2
Dimension 3

Vertices
2080
-0.0009714343758082983 3.5246410512528716 -0.4910973495315323 1
0.05690248787227119 3.524356246824887 -0.39540481604883765 1
-0.010124552380959839 3.4537782860859036 -0.42407424865808263 1
0.00574343796665482 3.42458197360633 -0.470299794110675 1
0.0438619904240078 3.51281183010942 -0.542584006110329 1
-0.02197221855054615 3.5691965234366942 -0.4292984283086086 1
-0.0401054529171605 3.43963429346749 -0.473303451637148 1
0.0426462271667117 3.548259242425049 -0.4553212135203833 1
0.0114070456604957 3.51323766017718 -0.554931682929959 1
-0.0692502894265401 3.4862703565429 -0.490849353075132 1
-0.0160585006839873 3.48628001122697 -0.527826203070015 1
-0.0006621029702548015 3.617594367259029 -0.5231734855362073 1
-0.0448070280965311 3.52134085832258 -0.548887245968689 1
-0.0173559593474929 3.55594860796411 -0.595344330856521 1
0.04672610583340659 3.4467038354670536 -0.3888024802856003 1
0.0438092943639239 3.43522589668285 -0.465262848908754 1
-0.025951497719611617 3.530729711794844 -0.36734952952024846 1
0.0714676933091659 3.45148466266899 -0.453157716700867 1
0.0732325094217103 3.50826520805183 -0.504999345290421 1
0.0799000904215263 3.56835179380532 -0.38473039531346 1
0.048858811667394 3.55875091568252 -0.346701878486719 1
0.06222845822701885 3.482093276420558 -0.3478226502992719 1
0.0921680487349477 3.52088340849838 -0.476822347361671 1
0.0951342508116085 3.57512256411573 -0.430987192474792 1
0.0955315360212506 3.49989276477595 -0.363194204258644 1
0.0886628503829255 3.46187335151022 -0.426228876654756 1
0.0994899225677571 3.53514310679903 -0.43527050979667 1
0.0746985234167514 3.51816039092362 -0.335453624921107 1
0.0977008796318539 3.47043921323779 -0.394168138969723 1
-0.0334704652231302 3.3756896440381 -0.411844927198519 1
-0.028263627066653883 3.4255788315963938 -0.36696844269515205 1
-0.0719037490770028 3.40385842236716 -0.406066867206649 1
-0.0909870895559653 3.46550040326307 -0.425537574080112 1
0.047283106027283 3.36563821148233 -0.392785371822483 1
0.00308415314491621 3.34876197857992 -0.392187620008544 1
0.06102090201886658 3.427042589503455 -0.3277222091858809 1
0.0819931171411575 3.40358248667354 -0.386536612480979 1
0.02009911267524136 3.3582547817279145 -0.3263766384254052 1
0.0686961776172755 3.34307711145529 -0.34568328015308 1
0.0171741524733943 3.30146501772156 -0.343076685299941 1
0.0474690665641576 3.31038668072129 -0.336484240930243 1
-0.05432359028809421 3.3782506312382297 -0.32788949854824423 1
-0.0223588035208898 3.30777358385545 -0.347523910314973 1
-0.0978427108337989 3.4693997084305 -0.379488990935397 1
-0.024595424324282796 3.5124583585620055 -0.3087251049864293 1
-0.090465284576715 3.40487986031046 -0.363068394953684 1
0.013204738276979253 3.477785460888146 -0.2807914860746738 1
-0.2187310631650635 3.2801362534497978 0.01706806755302079 1
-0.0956400328331786 3.41684815545138 -0.341506773899358 1
-0.094860785999708 3.42930299194525 -0.317530294834972 1
-0.04914057426627394 3.455698609306346 -0.29791641659064944 1
-0.041476450790128835 3.396964440735428 -0.2523547191493043 1
-0.0768795024414294 3.34998666980456 -0.339406395482529 1
-0.03831132858818054 3.338479292731927 -0.28214377669625207 1
-0.0924067176780638 3.36644074359055 -0.309512424589179 1
-0.0910151764882745 3.41841493094153 -0.273900771304149 1
-0.0962160217300757 3.37624122961706 -0.270594757477914 1
-0.0904158244523635 3.48848558630002 -0.339047401874201 1
-0.088845387461686 3.45444986358285 -0.302308119777988 1
-0.0752523753008601 3.48898545509567 -0.295896698553068 1
-0.0808073438118435 3.45054220699231 -0.273086365800064 1
-0.01400668773526674 3.4476973308368004 -0.23995052704390257 1
-0.011142055701687 3.51354353824289 -0.237591040470583 1
-0.04763750110171722 3.457888818414321 -0.4352663209413755 1
-0.051316312883752 3.51145658780841 -0.270081226381704 1
0.017091909672231377 3.3683263912078862 -0.022550340911623813 1
-0.045062014585742 3.50274803211411 -0.244550038037233 1
-0.0738416369293013 3.46821567201265 -0.254347185918052 1
-0.07044544815282767 3.375395333303306 -0.22204627491431747 1
-0.0826232532087186 3.43172536629551 -0.248086547838333 1
-0.0948861111894357 3.39491439170697 -0.236519298235385 1
-0.04975963464591567 3.3375018114626953 -0.19856002069798728 1
-0.0927246626080602 3.32342317380547 -0.27157086121572 1
-0.104353156583128 3.33147099053444 -0.229488664987533 1
-0.039018 3.4 -0.196157 1
-0.005578841969990657 3.3267070820674753 -0.21998414606417901 1
-0.06606717199949401 3.306852145587651 -0.2280203328457671 1
-0.0987867784059418 3.40263439400426 -0.172882920975805 1
-0.011088106270367744 3.362896371516206 -0.18541797505950305 1
-0.09391650503238257 3.3530721000897086 -0.16860301016665055 1
-0.106093021756076 3.45890855044784 -0.228577392732155 1
-0.135708690471962 3.38363819570527 -0.208363371547274 1
-0.142143372150646 3.44254778145579 -0.203754798625914 1
0.02634487975996738 4.1391923835418405 -1.0085655640820457 1
-0.141421 3.4 -0.141422 1
-0.143535653809993 3.31854409619764 -0.20256718244662 1
-0.176519743411145 3.44681595208482 -0.175482718205438 1
-0.169762951118703 3.36045189594195 -0.180950439186395 1
-0.07512664176522248 3.353385061052764 -0.08923417612363647 1
-0.0943592657336383 3.27419397015782 -0.236364963254539 1
-0.07832933385533304 3.2466342225287654 -0.19475050196572724 1
-0.134207142382247 3.25343432928126 -0.209255364716482 1
-0.10587273852056707 3.2881801104786974 -0.18870596704895082 1
-0.0793920802116401 3.44544658399834 -0.183249455289622 1
-0.0297772683762662 3.4 -0.158213692781934 1
-0.109600455442147 3.48388488216762 -0.167103006464687 1
-0.0670739906458214 3.4 -0.133834019207703 1
-0.12213621900115 3.43858696395133 -0.157248412149121 1
-0.106235713014349 3.4 -0.114214277588534 1
-0.05293420506332825 3.3008074589583063 -0.1689768187432084 1
-0.1098177722062578 3.354540109318106 -0.11502842886867505 1
-0.12467927019735563 3.303397986054137 -0.14043126927743474 1
-0.16297887666473165 3.3565315851054662 -0.12242630028390025 1
-0.138270695978449 3.297559279485061 -0.023963840332085606 1
-0.135820697395339 3.4 -0.112698504326274 1
-0.038024361568149 3.4 -0.0914101840743798 1
-0.13215017083618286 3.368857562965009 -0.08182747051676588 1
-0.114369238441039 3.4 -0.069893560592639 1
-0.191053931545078 3.39703378679038 -0.158830755736203 1
-0.142352331633849 3.43688215228634 -0.140287114068385 1
-0.158719203094935 3.43362249122367 -0.120343966011286 1
-0.166294 3.4 -0.111114 1
-0.210754815830055 3.43499829622925 -0.133768415342112 1
-0.139007279034176 3.46951254055244 -0.143402847918159 1
-0.164499928472863 3.49796784387782 -0.113300094152071 1
-0.18461056600766 3.46940099487057 -0.0768464943642107 1
-0.174130984866652 3.43258966543975 -0.0964521979366833 1
-0.207592751026335 3.3509325485559 -0.138965999139399 1
-0.17918730949598827 3.3744717888923796 -0.0721495227263111 1
-0.152163719847317 3.4 -0.0767728177718021 1
-0.175628937988035 3.40221668574656 -0.0935158264423282 1
-0.1800561169601629 3.299587226429646 -0.1169239723138251 1
0.13844717343983207 3.295998038765121 -0.14399992566062103 1
-0.16196621893837 3.31401705416956 -0.07655433545438503 1
-0.228235853118155 3.41048375650024 -0.100431005085023 1
-0.232331598655691 3.33037563985542 -0.0896687980246797 1
-0.184776 3.40920290973547 -0.076537 1
-0.1812255 3.4 -0.075066 1
-0.228261087984817 3.36954879924505 -0.0992703840138681 1
-0.189777178655092 3.4 -0.0573125390234153 1
-0.19999146268634183 3.3652154170819086 -0.025414755555285978 1
-0.242331683146866 3.36045030791442 -0.0576092584005373 1
-0.143705651212059 3.4 -0.0433030263830614 1
-0.190742021440218 3.42681604093943 -0.0556244583022212 1
-0.175127079162831 3.28624193915344 -0.176467060804499 1
0.003718364377954341 3.790486543816319 0.7542448396840752 1
-0.206112694338607 3.25164576102933 -0.140409945227312 1
-0.22470167600577 3.28344181707994 -0.107267012510882 1
-0.231039404891084 3.48203175725931 -0.0965530948536899 1
-0.242947200870216 3.43239734419892 -0.0555077350537221 1
-0.211432935416394 3.5405388688882 -0.13607683672193 1
-0.179707102535956 3.5189159105864 -0.173365054346413 1
-0.13508041877276 3.53954151955372 -0.146625471031546 1
-0.166716350571605 3.56197831115546 -0.109178942486353 1
-0.18764861891295 3.5564957375169 -0.067067425501468 1
-0.246962549002626 3.51830291642925 -0.047640313463102 1
-0.235306162266669 3.56792865566961 -0.090269463112379 1
-0.179898070156223 3.59516089263872 -0.176729750482554 1
-0.169597036598353 3.64454869311187 -0.104934047881148 1
-0.204594962501449 3.64068212772942 -0.147652705217236 1
-0.228222289903617 3.64286242872918 -0.108928267917806 1
-0.249025921217056 3.63865146782883 -0.0520055772125086 1
-0.189266717028117 3.65228406343096 -0.0617333923681673 1
-0.198106340560642 3.50418794104733 -0.0192273919684034 1
-0.197846529983629 3.56435551122166 -0.0218658607764005 1
-0.19815354888901 3.64117028897418 -0.0187470282197741 1
-0.205323621556227 3.72786773076922 -0.138976599073711 1
-0.226511187431744 3.7372134264108 -0.0937242491640625 1
-0.187246617822389 3.7495913827272 -0.0683922754522271 1
-0.235887234586407 3.73873663921572 -0.0469458978058956 1
-0.252640584291935 3.60379772220689 -0.00419362860533545 1
-0.19807181976509 3.67492377535553 0.0195768244615427 1
-0.248228652091959 3.73207270729176 -0.000995461059028874 1
-0.160524624839526 3.74983911604355 -0.118143739084813 1
-0.197999298380577 3.74999999999994 -0.0203170047647045 1
-0.141421 3.67168962921166 -0.141422 1
-0.169620570312941 3.73774980243712 -0.173835514029518 1
-0.12001675 3.75 -0.15898775 1
-0.183216008714147 3.67454129254768 -0.171951436653455 1
-0.106526864917019 3.58863615836225 -0.168745831528823 1
-0.144619488801175 3.65159830890094 -0.207273466877428 1
-0.108675985390261 3.68917679167894 -0.167597146029 1
-0.130741064005221 3.7400885357448 -0.20019457998708 1
-0.0936621758768901 3.7349031352113 -0.228904638899316 1
-0.0827308355414965 3.75063954196407 -0.181464849832901 1
-0.042301 3.75 -0.195161 1
-0.0703679822026512 3.65145758818364 -0.186647054175373 1
-0.144811688332963 3.52334271436224 -0.201700287798195 1
-0.093710531734312 3.57663851510282 -0.228404829810536 1
-0.0979505691370121 3.64932951009448 -0.23041616740891 1
-0.0565305883487616 3.65865783225398 -0.24342069913831 1
-0.0450190406869484 3.73211058000637 -0.240052860941345 1
-0.0264678126105486 3.58364461695595 -0.197392914694767 1
-0.0365052329977936 3.59837858457605 -0.240105725620447 1
-0.0677585749361147 3.57522227764106 -0.187438578442606 1
-0.0276876778135126 3.66721317180361 -0.197272785067759 1
-0.00332578211445216 3.62812458273715 -0.248013949027207 1
-0.013088135446729 3.68658797511367 -0.248443551398686 1
-0.0755407414905788 3.50696712212318 -0.235521589189136 1
-0.0437826981371281 3.54221924661771 -0.233608873327871 1
-0.0747654819435035 3.51315799544327 -0.185313082627032 1
-0.107806378912187 3.51910550936843 -0.223384467051856 1
-0.0474646460851866 3.4540784469386 -0.193594729114145 1
-0.02807337823865 3.49913249314603 -0.197234968666484 1
-0.01227821789835 3.44421634413452 -0.197366318555112 1
0.000414253561716221 3.40097194322531 -0.19995919962059 1
0.2033158502747011 2.9675854349091297 -0.09453625169784752 1
0.007388584283753269 3.2978374523414424 -0.15257522039802857 1
-0.03897700672939546 3.350919104330282 -0.12863516140377604 1
0.0208880480544174 3.4 -0.149243592307382 1
0.02685065442771723 3.347102301063043 -0.11168452324137297 1
-0.03522391332940313 3.293722514936015 -0.10016355580306248 1
-0.08492475875260873 3.3059896124318726 -0.12036531193307397 1
-0.0049027282144939585 3.343696398640929 -0.06012463657032739 1
0.0349720690063773 3.4 -0.0683221101745262 1
-0.0883698440817595 3.3580148810695745 -0.044480929415370456 1
-0.0161905207587613 3.4 0.00555616074840181 1
-0.108380069051765 3.4 -0.00367478255714774 1
-0.10652430619093617 3.3033812865804637 -0.0676530054509571 1
-0.006664459788683519 3.2807032855414184 -0.0004468578087127843 1
-0.15096405712237632 3.3502226471940846 -0.031809850350728835 1
-0.12055686989066085 3.329618749315524 -0.0005505431581519247 1
-0.0822660118249998 3.4 0.0714800562646947 1
-0.18790266510989687 3.353166090479428 0.03295452433323672 1
-0.12606050369732943 3.3623161321677393 0.04742867186259304 1
-0.158811694670094 3.4 0.00314521831083854 1
-0.134111147488012 3.4 0.0539014318050651 1
0.04657708003975701 3.3311820551962246 -0.011685882120102567 1
0.0835873734280982 3.4 0.00229871628410672 1
0.004523468429537582 3.3135464077901484 0.058813068983903344 1
0.0570990940359308 3.4 0.0758087849971291 1
-0.03153478006539129 4.075328082199562 -0.9141458338601922 1
-0.0019627314110727 3.4 0.1028079367173 1
-0.041595586546114886 3.34324328407067 0.11426800721060186 1
0.02974651762656658 3.35004208490259 0.10718377131136714 1
-0.0585738843786413 3.4 0.135538014196855 1
0.005802992004854564 3.304089624669898 0.12836030504313367 1
0.060316834162571 3.4 0.142892865316853 1
-0.01833423992588035 3.364744715970984 0.15694380976181393 1
0.029058412974010447 3.3503905106385945 0.17187062377835957 1
0.000899897779743711 3.4 0.161182259806367 1
0.06827579336918742 3.3540733899608988 0.05727515955345957 1
0.132433331614693 3.4 0.0607367785526233 1
0.111036150851198 3.4 0.109886778643791 1
0.11361596401766028 3.3640112834800626 0.10185327611628019 1
-0.07805549790590055 3.3124842252355418 0.07576425393274851 1
0.015157432532483398 3.2444567008748244 0.04012513080366838 1
-0.02934862418727343 3.263327919761645 0.05219831650666032 1
0.036672838969977126 3.275465695439372 0.08954505410579745 1
-0.08877856438827836 3.304302414831346 0.1360908696495192 1
-0.03765427140518608 3.2714789047546033 0.10844892977721061 1
-0.10817105927272329 3.254873073772024 0.0951495435792002 1
-0.0238406859756968 3.2 0.0941958058265595 1
-0.01650685953466519 3.24720789591311 0.1565451235296295 1
-0.032671898548717195 3.3089187433388725 0.17235450441458605 1
0.03044150188038204 3.282844453130716 0.15483377813482888 1
0.06876075817638766 3.2930687220259487 0.03065447913958156 1
0.08037684167478519 3.2430016084665634 0.038329402569218324 1
0.0548594775142783 3.2 0.0796581095022109 1
0.07833860631866121 3.3209753803660007 0.08723950960112695 1
0.09647335521837462 3.260269815856266 0.0814322384302579 1
-0.00286415794045353 3.2 0.150324557520923 1
0.06803721626088577 3.2452235447028257 0.12687126469118162 1
0.07382637070645796 3.294100087952652 0.13381063681620406 1
0.021885963264868347 3.239306428864749 0.17436557599464572 1
0.08599024317115281 3.3476902299195896 0.1411329145355701 1
-0.052537744468887586 3.315193166185783 -0.0356846811560327 1
-0.04795734183711848 3.8081367298076882 0.7224751311952846 1
0.06975742123389922 3.0272987868296064 -0.2124768229365606 1
0.05769989185161834 3.899149796854567 0.7649823453893605 1
0.002692801750030567 3.706916032140837 0.6046933297536894 1
0.08137316560655639 3.335377364879215 0.1942088392025903 1
-0.015147231732712242 3.3625406064674337 0.2184413778995562 1
0.014283327468524194 3.2967948534468703 0.20579711220678512 1
0.04481318543778625 3.7847660023600818 0.7489110562131687 1
0.0704586618513016 3.2 0.147729954861165 1
-0.0403363220799546 3.2 0.193842806413612 1
-0.06748535870984304 3.6635175633292163 -0.5300327158741175 1
0.0372347946247004 3.19804474692623 0.196332635988879 1
0.07228222949169918 3.251653948090384 0.1888961211899335 1
-0.038797808926261265 3.2580168197033585 0.22193657569044412 1
-0.000659161039977312 3.2 0.194999903206806 1
0.004032789104302832 3.44546633989494 0.32321361364088935 1
0.02222591770610967 3.247046637378315 0.23297551963367813 1
0.12127853837527668 3.290332244268356 0.17043148702323738 1
0.0975043471740563 3.2879204975655 0.236795805472251 1
0.09802744070877431 2.990928544060515 0.19791632213788982 1
0.042549218624398304 3.3579500141764558 0.25325396215409657 1
0.10187795431513 3.33954758527437 0.238557851589931 1
0.05511703349769846 3.2973512862962737 0.24874438579094754 1
-0.017112407981579366 3.3038397368732975 0.27191224078216697 1
-0.18826652607603878 2.935052311483296 -0.13364226810079982 1
0.0761121374554286 3.24145594618141 0.242337741887994 1
-0.05901892738655602 4.022973164488624 -0.8949720100586214 1
0.1366435187906 3.32698997475302 0.208680760386361 1
0.131383958245192 3.24376900597935 0.210497148644726 1
0.0712466162251023 3.29300045224685 0.290625748488252 1
0.091682866965765 3.33221027838328 0.283074599805051 1
0.0350112357935024 3.26023685774037 0.293902249802274 1
0.032615997887658836 3.322000017524827 0.30024496302767945 1
0.0796542749122563 3.2 0.183109763052656 1
0.0417451319805123 3.21107010654143 0.249214020513543 1
0.101372323873553 3.19127771375263 0.226415330218494 1
0.00461466055685884 3.20600298834043 0.254619564366951 1
0.0454266731023834 3.14706402316695 0.244608011659176 1
0.110389518832967 3.19803864173907 0.166681247619201 1
0.152458693441242 3.18121362324337 0.19474545235341 1
0.134580423830811 3.13126466282886 0.209246817595048 1
0.0968277836079767 3.13795218887959 0.228793339348042 1
-0.000807205364515915 3.18902712280521 0.199920495919426 1
0.0499377710882119 3.11933212520328 0.192844663226588 1
0.082568084770537 3.15791370689312 0.181552211458869 1
0.112255314899847 3.16486122176258 0.16535735859283 1
0.11825974772403 3.12243932485444 0.160429474209266 1
0.0838264104676519 3.11387088853332 0.180879684985304 1
0.0119098127621817 3.10600177031068 0.198826966773154 1
0.0510693158561895 3.0808841615998 0.244270308153619 1
0.0535982723459954 3.0399660627329 0.191734349747884 1
0.0937815469550964 3.08281229224787 0.232633723424138 1
0.091763802509906 3.04367777321314 0.176636751913099 1
0.142743427133913 3.05651169742915 0.20818131279683 1
0.130426626208714 3.02539454860292 0.150444508011201 1
0.0971425043195973 2.93975755167343 0.237438156804636 1
0.153597016331445 2.95160888553306 0.201143787973749 1
0.105247460129467 2.93901463321522 0.169429461803368 1
0.0624034077630414 2.94886530457518 0.189063278798711 1
0.0493529313981551 3.015715670257 0.247357593113542 1
0.0161396998563879 3.042830021397 0.198410352489925 1
0.00536910118104478 3.08416199888088 0.249161433833968 1
0.00674050760704691 3.01885495374227 0.250499011032402 1
0.0144992917559326 2.97819962201194 0.198572141818381 1
0.00339331137951496 2.96052805673511 0.252187234167057 1
0.042224373424934 2.92755610612513 0.248955052701098 1
0.121946754624749 2.85162336784963 0.160503706713289 1
0.0178654684135202 2.90639121149359 0.198240648186677 1
0.0835975554540301 2.85222203917738 0.181001801701872 1
0.131193536675214 2.87148407275206 0.206776261654516 1
0.0484778862499556 2.84895040964772 0.193287441498687 1
0.0549062434815721 2.85932458373363 0.237989481108144 1
0.0970355083565264 2.86048878816237 0.219227343159465 1
-0.0192599757773212 3.08192435883682 0.198102942349897 1
-0.0266868982446261 3.02281077709547 0.197371527245013 1
-0.0388755707449957 3.01907872058487 0.247910739994666 1
-0.00625763728160521 3.1565560733218 0.249549848942782 1
-0.0380231585877275 3.14184597646739 0.196254970111246 1
-0.0435338495074301 3.12626416734425 0.245269632364349 1
-0.058199127391189 3.08041543733933 0.190338603698416 1
-0.0839792438390716 3.15151775075495 0.233925776935405 1
-0.0316217950029312 3.20588227677042 0.250735361755122 1
-0.0939368132980962 3.05490068552024 0.231853074940449 1
-0.0736447544735874 3.00416896173352 0.185653332720384 1
-0.0936794156999751 2.95202125916393 0.234913409245502 1
-0.03669416500856 2.96798569899405 0.196385846899435 1
-0.041057516875807 2.91288450281966 0.247221998240101 1
-0.137599876560189 3.14077868053512 0.207513657533696 1
-0.0990213350149904 3.06971290430669 0.172757737000114 1
-0.139436538852295 3.02052551957217 0.210534291443627 1
-0.0870750532744132 3.14180701661364 0.179143229643471 1
-0.076537 3.2 0.184776 1
-0.103333732645636 3.20985592025253 0.226252299955505 1
-0.064882196412095 3.2273881515722 0.244953482460554 1
-0.116812990557179 3.2 0.161616829969026 1
-0.129476209411357 3.12798111634458 0.151224107553781 1
-0.170835752508389 3.08675316539467 0.183148382149051 1
-0.13395301192332 3.0469747661702 0.147549988927682 1
-0.112724394190802 2.96673843277764 0.164972347091173 1
-0.179592370218869 2.97991923448783 0.179502338162078 1
-0.153535553003916 3.00390168244992 0.126659782227492 1
-0.144058169403585 2.91209950746994 0.138207688142289 1
-0.142237965980368 2.92966691064379 0.207192595534911 1
-0.0726527384335253 2.91338784229574 0.18595425051009 1
-0.102727897553332 2.89732011389711 0.17077662252355 1
-0.159079768311465 3.09401044909793 0.119904323635446 1
-0.198082305505477 3.05511973210815 0.153161554853832 1
-0.173054884823298 3.15106929692387 0.179053464595713 1
-0.20118540443555 3.14618052545054 0.147354242275926 1
-0.212642851643196 3.00136886766736 0.135438526767649 1
-0.171824148481494 2.93579140587418 0.100767936584535 1
-0.211956571772496 2.92475455324717 0.137838807273532 1
-0.175998869687574 2.86337363612806 0.171232069446743 1
-0.136685689390718 2.85730578854105 0.194169296628134 1
-0.0988064833677621 2.85277128986266 0.223709032567717 1
-0.200628835556549 2.8584231809494 0.128640672951192 1
-0.167098497862592 2.84993480244948 0.109608907337147 1
-0.143780411379639 2.84797684165449 0.139484627569678 1
-0.114367352721635 2.85194434268412 0.163623968580024 1
-0.076537 2.85 0.184776 1
-0.042301 2.85 0.195161 1
-0.0441159876827705 2.85647427812428 0.234316056935748 1
-0.0253463797037961 2.91629853019215 0.197503355454053 1
-0.00330366186023834 2.85 0.201788606905209 1
-0.00169597217160095 2.86192907813105 0.2449242074143 1
-0.183741507240287 2.85 0.0784722702003941 1
-0.22285172959768 2.85956904540402 0.0923373217815682 1
-0.189256964422511 2.92831669694648 0.0617655557812352 1
-0.179683831136583 3.01977454736169 0.0860636704247572 1
-0.236256750383765 2.98295558863332 0.0890004141797282 1
-0.234495213386478 2.91507055705973 0.0884377583867372 1
-0.248918478810594 2.95068574732741 0.039974946129002 1
-0.238608177707844 2.86112839408793 0.0455082993632217 1
-0.196157 2.85 0.039018 1
-0.19745688902617 2.94075728316664 0.0258202196140777 1
-0.193826206240601 2.9942819723926 0.0467019982143667 1
-0.198438417634591 2.93190052240412 -0.0158526255696574 1
-0.19782 2.85 -0.022131 1
-0.1899685 2.85 -0.059419 1
-0.240464044832134 2.86574003704637 -0.0455098280916927 1
-0.245350445764251 2.87627566269261 0.000554542014213122 1
-0.253664027582898 2.98948582243833 -0.0108680506593515 1
-0.195249823617768 3.02580058937005 -0.0420082209466544 1
-0.188899659480954 2.96928199207092 -0.0629428008904385 1
-0.244120769090283 2.93441386521524 -0.0626176461081639 1
-0.199625887770957 3.01206854048615 0.00379836350580199 1
-0.2204315700444665 3.0165474271558645 0.04467917306847252 1
-0.24722521736012 3.04012844764707 0.0477845703855685 1
-0.19633168423714 3.0650693512542 0.0372444299857623 1
-0.225770510720307 3.06982549071786 0.107137811250762 1
-0.241866408750975 3.1195992376043 0.0594363170986076 1
-0.182711352952298 3.10769211076642 0.0803994242347117 1
-0.225087827925407 3.1417301926707 0.105768461588311 1
-0.164680579070312 3.14963234245606 0.113079904654239 1
-0.152164101630008 3.2 0.126881999620255 1
-0.2199822021323 3.18762819197798 0.116119298726842 1
-0.181577362533876 3.19696117389746 0.0825211623020321 1
-0.17475023750672 3.22132647175027 0.176852167554002 1
-0.137525837259454 3.20331054532254 0.206751361201982 1
-0.1011691422534516 3.228414831320409 0.18484175165129924 1
-0.0865068871964041 3.2 0.152028967462902 1
-0.029401233732842865 4.0631399454274275 -0.8753789845923734 1
-0.132533531746096 3.26543992927833 0.21106472468179 1
0.21780700718717022 2.907809417955151 0.022663730237367438 1
-0.0862498600205133 3.25280784413775 0.238050060356333 1
-0.09294877030156752 3.292702438856092 0.19483771931021748 1
-0.0643580008456914 3.2 0.12401236081899 1
-0.105503838582671 3.2 0.115015589428797 1
-0.16920477635285924 3.243282645759779 0.08755854036799382 1
-0.109399651954567 3.2 0.0564725273503978 1
-0.15415915818492 3.2 0.0496501365792307 1
-0.13401429334825066 3.2630594398115376 0.14809558501087824 1
-0.207079330732036 3.22684910672303 0.138885555896447 1
-0.14028039856541535 3.302514297126329 0.11416245011932595 1
-0.1135926339027502 3.271825082677296 0.027867234457306267 1
-0.06973380321317935 3.5355433646457057 -0.39841383421916593 1
-0.1282902779268283 3.324440064815775 0.161640166319498 1
-0.1527040273481443 3.373391049856727 0.14702875369526222 1
-0.168778869527237 3.32040998087537 0.180659358221646 1
-0.21776147480308533 2.951649356049079 -0.05164492004053162 1
-0.1931296789162962 3.2855473619742286 0.06560732659993188 1
-0.203980128558177 3.28791857261219 0.14260882389788 1
-0.133799791271777 3.3185111766496 0.210865601583484 1
-0.103542029354464 3.32651454439956 0.236145373925156 1
-0.0960117100172416 3.28829135118675 0.240507725188671 1
-0.0741829120885862 3.27775613002359 0.273645572815418 1
-0.08629113820206392 3.356007072710902 0.17714368691074062 1
-0.0646365370645359 3.3375409027718645 0.23864489391472202 1
-0.0902239303361476 3.3379806706198 0.297443665574623 1
0.01952685987301329 4.101698325305783 0.9173046280005265 1
-0.0454582774733567 3.24882085885512 0.277229645135165 1
-0.0431229186622673 3.28585809176053 0.314286718985971 1
-0.0707615638622923 3.33163297725761 0.331734937136419 1
-0.027485370596640024 3.369301786269921 0.2844356812091959 1
-0.0971035507090425 3.37158292837239 0.295710706227216 1
-0.030679197425894426 3.3826415729659884 0.3409274297741337 1
-0.0883558172683541 3.38558728927149 0.349335204347199 1
-0.060555156778872105 3.3989656485467497 0.250591169817546 1
-0.100817888026395 3.37246793794535 0.235385836581101 1
-0.096715669885822 3.39600320919711 0.271810737147766 1
0.03006750913654832 3.4189778277190213 0.24936215633466646 1
-0.014571487753675687 3.4246460902069407 0.25125790296209516 1
0.05982064509244345 3.4210822184689587 0.29507459016643156 1
-0.05519144912477971 3.425146707257531 0.3036092713614924 1
-0.01103399443894894 3.3350074518424973 0.3313450931484331 1
0.04354817763971787 3.3713715337471766 0.3311352643862162 1
0.037081521914390625 3.404557054698359 0.35458002723531146 1
-0.0926003485716759 3.41212587725006 0.23680616874906 1
-0.085690717234168 3.4381002668889 0.27256610690197 1
-0.0969529397757183 3.43270923744149 0.352008287004583 1
-0.0918893164871424 3.46127721252619 0.32101045195602 1
-0.0710665786339547 3.45153396952304 0.248235474121534 1
-0.0423303640237753 3.49453836741384 0.246332363536496 1
-0.0737233056755304 3.48249014331849 0.292466953031585 1
-0.017627908503618898 3.486963814862276 0.28017136511923346 1
0.04006269654703476 3.838397248842756 -0.8025429579611876 1
-0.056388773123478605 3.478822865806497 0.3482121692547961 1
-0.0423096526583065 3.421746405446485 0.3804491055731402 1
-0.0881085719634147 3.44679682194579 0.414650242868921 1
-0.0973604636456796 3.48393400460007 0.370143363876334 1
-0.0977365990156573 3.47687492345349 0.399293854731249 1
-0.0723645442436782 3.38990395722669 0.389891158769555 1
-0.0617441924227977 3.43887172099625 0.454784730825927 1
-0.036159864391549335 3.477042025292187 0.4178706743141481 1
-0.04902837378189478 3.5189366711247745 0.3813670603893521 1
-0.0878136031085725 3.52885895609798 0.4979690080132 1
-0.0983244257032593 3.51948756329591 0.443348789663786 1
-0.0438519519720192 3.35298020145586 0.384078699976553 1
0.01469047503490548 3.4219687814009303 0.39661974280845264 1
-0.000701938224775811 3.35763330232077 0.403077381322166 1
-0.0285760245840329 3.40780102862801 0.447450187256633 1
-0.0369038454415762 3.46951424815343 0.503250891010022 1
-0.0626558449960078 3.51575103455451 0.526576750588938 1
0.00117964440904305 3.41157077708664 0.456595665167792 1
-0.000278761413441201 3.46743801677825 0.511872599742846 1
0.06033455727777008 3.459040300990161 0.3513465972707371 1
-0.01099456695952509 3.5165473837431067 0.3217687124386125 1
0.0446691379013457 3.4870747079629183 0.43382683321786614 1
0.16996719888687414 3.5004610416849613 0.1348759201902135 1
0.05822360233800377 3.5176058999120214 0.3891655202022565 1
0.0342879616201948 3.41655863703315 0.453898863270624 1
0.001266609040986764 3.5647819978951163 0.38599285245081894 1
-0.049212019799714235 3.5649887065834993 0.4004865046287328 1
-0.0073089551908432325 3.5662431406470825 0.46183565811740096 1
-0.088487146809847 3.52617168327468 0.36369505337034 1
-0.0677981049259302 3.54173905509142 0.330532113881705 1
-0.0982232514605806 3.52995812238261 0.406423681283882 1
-0.0312493162270621 3.56661416104276 0.328190018832446 1
-0.07368638953666 3.58767810272236 0.392322539658445 1
-0.0910830398821615 3.60520898723738 0.444718510676576 1
-0.052749188564597 3.57997773021015 0.360872573722825 1
-0.0186756647352821 3.59586006479609 0.36163069829943 1
-0.0995051918545449 3.58292489191944 0.472294227265829 1
-0.0460762362692136 3.61948581776163 0.39816213394508 1
-0.0674771468295619 3.64363487452593 0.439796838070419 1
0.05509192730434249 3.5493472743704255 0.43787838136143625 1
0.0352321113182271 3.50192573176878 0.536248696889816 1
-0.048103751184427 3.5771712731537044 0.53544796312135 1
-0.0969015925677032 3.57196819661826 0.505099576354292 1
0.042246174114782105 3.5324221445558703 0.48727805392291007 1
0.029348099111386514 3.6019744789274326 0.426649278273592 1
-0.0155310738765594 3.6317954099431 0.39798653946392 1
-0.03957568532685056 3.6424912076630274 0.5082808640408836 1
0.052791170466013254 3.59104345492445 0.47953816585051073 1
0.0527488764623841 3.6421733467347 0.423571652526782 1
0.012601821802761 3.5714995391259707 0.5335374135957708 1
0.017879334581333103 3.6441096228558956 0.4731360529726034 1
0.0164128636462778 3.63176474372478 0.398470714246245 1
-0.0552515902338079 3.51328279138518 0.28615019239758 1
-0.0324249044736975 3.54107468546271 0.284790323843316 1
0.03483517272931603 3.470245646628442 0.2857122742906314 1
0.0382306984984924 3.52596651342474 0.281367421545965 1
0.00563094342510669 3.54019913864016 0.279609489119434 1
0.04109522850640836 3.5112468852693386 0.3329292758449722 1
0.0137684109060083 3.55958591478707 0.31726744357579 1
0.0549168173579628 3.53345117561562 0.317531214791624 1
0.082260536678006 3.54045926578435 0.364334432101292 1
0.0961720679535018 3.5652150780155 0.428758175886899 1
0.0511803539555602 3.57759861561146 0.360628672239985 1
0.0178118230249062 3.59166448635373 0.357550784979201 1
0.0785506669263736 3.58537932854548 0.401073516701591 1
0.0789132969604863 3.50547573802723 0.325551668979784 1
0.0952175729101151 3.49074554898959 0.359741162047257 1
0.0617373091202084 3.49315690876815 0.28406124306479 1
0.0828929462230322 3.47545844191475 0.305486302977548 1
0.0643850534158709 3.46412041325977 0.251404880589789 1
0.0787856211864907 3.45659151064674 0.274368515616468 1
0.0946643419876067 3.43233232058992 0.294598314273834 1
0.0411908471605063 3.48902136690551 0.248516402106541 1
0.00254524213781846 3.52751478153687 0.245671721014484 1
0.0042044313476304485 3.4666811102819572 0.23516420259114826 1
-0.0357188706486691 3.4992882082265 0.196482067640405 1
0.0271054002771092 3.48926108252153 0.197330307722976 1
-0.027550090886966 3.54782627597139 0.240367347384143 1
0.0481632774068328 3.53918679825693 0.237844714350844 1
0.00726016446044726 3.57019624486588 0.241344667980813 1
0.0742468302338515 3.54067201005757 0.185470699275261 1
0.0852233319132795 3.48975261162799 0.231794788973571 1
0.089284323314018 3.57175461946757 0.228481583454872 1
0.033028243236505 3.53815684575957 0.19674694913225 1
0.0261388335835718 3.5893853536775 0.197425507779444 1
0.0507059704523447 3.6014905886629 0.239512215391781 1
-0.00419798087520801 3.53788599941149 0.199586528256102 1
-0.031020742040194 3.5894362538601 0.196944673954061 1
-0.0467146525408603 3.61128401940209 0.240771212989639 1
0.0055878061902624 3.65481426763529 0.247457649230063 1
0.0708341351603161 3.61683661607738 0.186505854876096 1
0.0573134003910243 3.67040876622386 0.242033134359344 1
0.0219359487721837 3.6820177220414 0.197839202621689 1
-0.0332611381159676 3.6936741294078 0.196724421316938 1
0.0445103656401389 3.7371869223429 0.237134699321239 1
-0.0423652563009789 3.69112937597973 0.24448930868227 1
-0.00339881978647577 3.73899692612114 0.239516261443862 1
-0.0674500929545459 3.53348193616693 0.234912211600728 1
-0.0711225076772588 3.54906355547683 0.186418545966439 1
-0.0972232294762748 3.58594166271614 0.229442299392456 1
-0.0744511531675124 3.59968216498155 0.185408720029866 1
-0.0801234428339802 3.66773139605317 0.182858939061469 1
-0.0848167973208784 3.66293343881035 0.23555083722674 1
-0.114920945423566 3.58298515736404 0.163169602906593 1
-0.119928068196406 3.67547616786633 0.15906028111495 1
-0.136880418435276 3.65229337798481 0.213573729337828 1
-0.135878587088282 3.73751694570122 0.202091733437741 1
-0.10975345678589 3.75021440849856 0.167021233701107 1
-0.094728648809374 3.73807416975867 0.226223150079514 1
-0.073254 3.75 0.185772 1
-0.0475066953063818 3.74341454083177 0.232373247741351 1
-0.016888 3.75 0.198337 1
0.021216 3.75 0.19791025 1
0.0701157936035835 3.69428834393788 0.186723806444671 1
0.0609539372476806 3.74688025534063 0.189502823770928 1
0.0956896496032109 3.73719493750668 0.227746134054479 1
0.0932489415984514 3.64251756209601 0.232043394152866 1
0.0983346885776527 3.74999999999965 0.173124761306875 1
0.112574675768791 3.67586040480143 0.165095221222914 1
0.136461326235993 3.72739358085448 0.201688354116587 1
0.129486250459867 3.67126079387099 0.214971417743635 1
0.172758886905523 3.63459644994502 0.186186403458419 1
0.150904544168165 3.69534761748676 0.129866470378524 1
0.150121103015749 3.61261560836365 0.130820186985956 1
0.113499999788063 3.60021388629127 0.164335806423318 1
0.165201095622147 3.73957836455735 0.17350685932963 1
0.128334162143962 3.59894881831052 0.214889063674869 1
0.141421 3.75 0.141421 1
0.138763647670159 3.52147569219189 0.206144929019467 1
0.0829843686149305 3.479710887908 0.18132985356312 1
0.125822107268603 3.53187970313287 0.154223034477449 1
0.133019695223358 3.43207975903048 0.209365101415671 1
0.121650554738717 3.45841671556515 0.157646633962085 1
0.177745184385561 3.50892945991287 0.176486780699622 1
0.151724671863188 3.46363543460755 0.128866286730284 1
0.172335064987296 3.44191550627737 0.178914780610437 1
0.20499434101087 3.45466899490093 0.143227081455363 1
0.163604589715735 3.51764049524023 0.114390965283047 1
0.210200628331115 3.61033172294323 0.142688963967184 1
0.175812007254514 3.66058219163992 0.093307261722793 1
0.209998836262904 3.74958540981178 0.137285397055097 1
0.226796215837923 3.68383811645718 0.108119019699973 1
0.1914625 3.75 0.0544945 1
0.22639188268626 3.73657390808921 0.0883240400221945 1
0.1763435 3.75 0.09231275 1
0.190356376521022 3.56239756009547 0.0581405368867203 1
0.238773213675827 3.61376761282185 0.0834682227710875 1
0.194696201415178 3.6495219047381 0.0438337193659562 1
0.17376329028695 3.58522257595417 0.0971400983523495 1
0.229566654571098 3.51863854341466 0.101510104688552 1
0.199649806173434 3.56912864448522 0.0035560572154092 1
0.199585785542834 3.49327244161866 0.00420615726888498 1
0.24641550695342 3.51489748643203 0.0468329619440408 1
0.25002097446631 3.60497305025506 0.0322792887944363 1
0.19356117357841 3.46509936990649 0.0519878066474928 1
0.174849306851539 3.45762776105204 0.0951083271828982 1
0.231499409512204 3.42663401146791 0.09398420705572 1
0.245948561592186 3.43105036649513 0.0383630538756599 1
0.186825812998409 3.43230281549685 0.0697795979873146 1
0.243110732848242 3.38030732173816 0.0541712290942842 1
0.194929331670575 3.4 0.0411164029116964 1
0.161888586626237 3.4 0.116147669855018 1
0.205941690456201 3.38363294504215 0.139606338019238 1
0.18317279908193 3.4 0.0746595244442133 1
0.228757511345216 3.35413956595593 0.0986707340959862 1
0.139187642617739 3.40044968276464 0.143253919727982 1
0.173897919956859 3.37295780587546 0.176745442898089 1
-0.001825438174182754 3.5184975476523928 0.43546531962541113 1
0.02803511937000472 4.0469750962721305 0.8919069993118816 1
0.111961451813131 3.4 0.163276322925264 1
0.1433364926810134 3.3493544003835867 0.1535084476566738 1
-0.014162989692204324 4.001916366992899 -0.9908146083561088 1
0.13565939368254 3.37748269502691 0.208653941713528 1
0.088612492235319 3.4352621545808 0.178321442129359 1
0.076537 3.40063468166618 0.184776 1
0.0994690030854913 3.38627760225738 0.237273180555261 1
0.0858078342710285 3.42971551146266 0.243125368962413 1
0.0440245813586993 3.44464785489137 0.194638270719781 1
0.04483879525632116 3.9651333189587072 0.9142106194386567 1
0.039018 3.4 0.196157 1
0.0115221524874076 3.42336714924963 0.19886514859785 1
-0.0152846005601958 3.44981235048482 0.198494623577037 1
-0.00716355831012327 3.4 0.199294439628228 1
-0.04159095389724 3.40026333249818 0.195376521292446 1
-0.0590863464101971 3.44246658629982 0.190069507991841 1
-0.100979132449226 3.47472438868279 0.228330794196465 1
-0.102011812185209 3.53259858920716 0.22610316600345 1
-0.0848263486561237 3.47392922161261 0.180345200860038 1
-0.0766290190278867 3.51012696565163 0.184100982034408 1
-0.0985282379010404 3.52708776659523 0.172476510504485 1
-0.126519828784827 3.48690733277516 0.153650413390801 1
-0.137846392576358 3.53645933079374 0.209060830620558 1
-0.177966484068581 3.57384823670322 0.178637356980448 1
-0.14657914941422 3.60218637526349 0.135135950789291 1
-0.139575248513657 3.55121120025141 0.142935810991514 1
-0.172961520460546 3.65576761269903 0.183205153878089 1
-0.175455764316475 3.74433595472955 0.17475726258353 1
-0.197944713628624 3.65277083442077 0.155094552081104 1
-0.208899801435432 3.59360146276486 0.140793213456432 1
-0.174041708492612 3.60258669311245 0.0966192204009818 1
-0.147549619440318 3.67070761908631 0.133953462132524 1
-0.144416510280986 3.75000000000009 0.13777106110699 1
-0.175054638813796 3.74801581601681 0.0947241824334685 1
-0.204471364024762 3.72712941389908 0.133668557926744 1
-0.221315474046344 3.65313309455627 0.118715600880472 1
-0.172759319539123 3.66713197169436 0.0990183743261413 1
-0.188528074686651 3.67595865397988 0.0641677802329811 1
-0.1894705 3.75 0.0610604999999994 1
-0.223244035274837 3.7319927813076 0.0943450359407309 1
-0.23170755005622 3.56324318931384 0.0984285422319156 1
-0.239515564983332 3.6469478671413 0.0759369025289847 1
-0.189662458160423 3.58770451411325 0.0604281322624637 1
-0.237644587196333 3.73394667773459 0.0497763737373582 1
-0.168696892235867 3.51744351877838 0.106618662649505 1
-0.206796609121675 3.52875342937485 0.141137191991651 1
-0.178154998526476 3.50144650121181 0.174337780674037 1
-0.230680136446279 3.48228548221516 0.0959056913691932 1
-0.204788930740238 3.46187628648909 0.141598511118148 1
-0.145225652830244 3.46476919934453 0.201356949001397 1
-0.172911145866926 3.41527074373068 0.177544016618453 1
-0.189569890041869 3.51749004287563 0.0607332955381016 1
-0.186169582480891 3.45964778715819 0.0719428675774944 1
-0.16541980347968 3.46388703960198 0.112179182082634 1
-0.224824452937494 3.41002688840782 0.107001231507909 1
-0.20386985170481 3.40922329187507 0.141919263706829 1
-0.141612914868095 3.44468542389135 0.141187157531824 1
-0.176173121699515 3.42992791472086 0.0926316717344366 1
-0.112650535417889 3.44332445198817 0.165032963096012 1
-0.139806998872986 3.4 0.138883447307866 1
-0.167254006306714 3.40500107142738 0.109317984496101 1
-0.184776 3.4 0.076537 1
-0.191163291240445 3.4298238935791 0.0554804337887472 1
-0.154297999436493 3.4 0.114551473653933 1
-0.168789 3.4 0.0902195 1
-0.134168620477596 3.36796392156882 0.209787691571647 1
-0.128474610371909 3.42293960985693 0.212494390512611 1
-0.202016039179917 3.36333795934421 0.144533183065477 1
-0.1641356830387286 3.3548091520439156 0.09984401624043963 1
-0.227643032686356 3.33883774152811 0.101790431599587 1
-0.230714478223302 3.2588234802407 0.0961086387801173 1
0.0401193175757443 3.4955270139967856 -0.4820814339178421 1
-0.244389968096125 3.3139719501544 0.0497184245326753 1
-0.243686558076196 3.36254742069593 0.0524834387377531 1
-0.236600777027809 3.38010998524216 0.0765937304786163 1
-0.244323106971991 3.41921506700424 0.0502677787921062 1
0.1990227011599118 3.3646076445456967 -0.023033872908131085 1
-0.196157 3.4 0.039018 1
-0.248874406980504 3.36735708252222 0.00614566560767542 1
-0.249310880701533 3.47130730464517 -0.00247325548047992 1
-0.198916993094613 3.44771886713725 0.010995775028469 1
-0.24866717826419 3.4192875404635 -0.00495575391506432 1
-0.245305067614725 3.50416009149478 0.0486963076055006 1
-0.1359335907680484 3.3072206916778377 0.05928500506311605 1
-0.17570079547955578 3.2992935528051697 0.00954177231031038 1
-0.248911473362 3.31721744639608 -0.00589760434073318 1
0.04844759535808223 4.051380461399227 0.9976304462593653 1
-0.246128226094963 3.39778153669845 -0.0285171965147948 1
-0.24917056857926 3.2613380715831 0.0016694535389675 1
-0.244897046895781 3.23550931798458 0.0470910037831764 1
0.003315531753293333 3.854679216616417 0.7536328843179422 1
-0.2076164589618986 3.2256593085773417 0.07651800401057347 1
-0.19765113837934442 3.237609400264692 0.012487608655586785 1
-0.236436669070678 3.18362833549853 0.0769890235225372 1
-0.195455903290489 3.2 0.0413292597701544 1
-0.246765881957058 3.17353379021147 0.0314107006972404 1
-0.193490655575665 3.14900603413303 0.0478080942674534 1
-0.199424398763144 3.10826323722833 0.00584408250315614 1
-0.250588010656945 3.1122198690937 -0.00489266095750955 1
-0.199881662750778 3.15708986490917 0.00120166436986172 1
-0.248427465501486 3.21372355339972 0.0113232104033932 1
-0.2 3.2 0.0 1
-0.248945537869517 3.1794035304356 -0.00876681651935292 1
-0.171637636945304 3.2 0.0238983985548267 1
-0.04110282866917304 4.146248712355514 1.0538924520059556 1
-0.195676195561507 3.12456003715157 -0.0406030366160985 1
-0.19492550910829 3.16859520460764 -0.0430777756582093 1
-0.243352079178113 3.16935046290657 -0.056248314344688 1
-0.245920023308846 3.04263572131001 -0.0566796837398634 1
-0.198081682996348 3.06683317222379 -0.0194757120775405 1
-0.247014731268273 3.21346581624209 -0.0263564266334214 1
-0.194383053045569 3.2 -0.0408406442332419 1
-0.148391824375932 3.2 -0.00317562309293062 1
-0.243616645114049 3.26428053763236 -0.0545273774278204 1
-0.2074182569560228 3.2382660588523327 -0.05127591895186054 1
-0.148391824375932 3.2 -0.0421936230929306 1
-0.17899768509193872 3.2416447354419238 -0.09388953397121398 1
-0.1812255 3.2 -0.075066 1
-0.189193072407072 3.19142807287862 -0.0601598885878519 1
-0.226505227864847 3.21360118544521 -0.103815118516397 1
-0.228939551936082 3.12659529454138 -0.100310503585655 1
-0.182229144814144 3.18285614575724 -0.0813017771757038 1
-0.1831327520377 3.13842692386262 -0.0796112660314059 1
-0.19644774193569034 3.290263939322342 -0.044183166837429115 1
-0.13973467502086234 3.2500358196068913 -0.028692030105339644 1
-0.06550575817916063 3.6334537719602915 0.5904206318968235 1
0.0011043015247714418 3.2687755847180657 -0.12045057015807537 1
-0.15111595235855305 3.2392965755029293 0.03640816663119577 1
-0.08204013330514748 3.2698092548274396 -0.0058824285428975215 1
-0.2189787487628106 3.704918462167012 -0.04360804469015724 1
-0.105013150353216 3.2 0.00555164058226826 1
-0.100626648751865 3.2 -0.0453692461858612 1
-0.14856559960624782 3.2340611469419684 -0.0744258727457393 1
-0.05507282888934244 3.2559515265057546 -0.04850882489942846 1
-0.0411365587817401 3.2 0.0215269087628635 1
-0.11760522476215184 3.361669541358211 0.10824711708436316 1
-0.124528019654249 3.4 0.102902386572501 1
-0.106276483055035 3.4 0.168728783273186 1
-0.0735307593280575 3.40118772149663 0.185687912889676 1
-0.0901604954399151 3.4333403502632 0.177493973232385 1
0.0982688016647034 3.37756902238938 0.28110243058085 1
0.0720270081521409 3.33598421543864 0.331772853204399 1
0.0871470064077471 3.37623735939725 0.3394162853061 1
0.0394831563571135 3.31734398710634 0.348724186351312 1
-0.07243123950121497 3.8631081194251355 -0.7470141175000818 1
0.0344715233712762 3.36515443510024 0.399931311355644 1
0.0663953312204588 3.38821208807914 0.395659959296781 1
0.0969310401514678 3.42904386378843 0.34433221010363 1
0.0875748334734413 3.41214250736038 0.375623314504989 1
0.0975750702203388 3.47286468811209 0.386845394410116 1
0.0905442760723967 3.45442061323943 0.413812095951836 1
0.0987474656495454 3.51505898202758 0.431443995726299 1
0.0695972411865715 3.46867788869442 0.473659047824954 1
0.0899343051945646 3.49511172028308 0.456823525501844 1
0.0993625575692217 3.57689841011549 0.484727127696466 1
0.0915080921627476 3.54579469382271 0.504202079981335 1
0.0974769233330306 3.62075397955262 0.490434263389081 1
0.0992443469186103 3.62446676418763 0.537798922894036 1
0.069267108940006 3.55499543941643 0.558209258271785 1
0.02641706218991826 3.626687998322145 0.5453168495599483 1
0.0895506937867953 3.6290701143517 0.591765923794775 1
0.044913099645204464 3.6651659846066256 0.6218890599965051 1
0.0700850369286627 3.63401585112276 0.634289864842567 1
0.0991736902569653 3.70730030183688 0.619434805859056 1
0.0903674361540116 3.71491846673615 0.675400934477242 1
0.0315289303404813 3.57300959046927 0.606160535857203 1
0.0540514900673625 3.59393862050068 0.611967631598497 1
0.0838829897148625 3.63160825271999 0.454917289218933 1
-0.03408904760296358 3.6109353413142875 0.567314945330882 1
0.0951970428678854 3.68825714451829 0.545726177955919 1
0.023089107415538927 3.687609798621545 0.548321320220301 1
0.04172552354011528 3.6057556765840957 0.5867504067966006 1
0.0727679187741473 3.69275440514667 0.49660480143027 1
0.0010154781579831268 3.634206912197253 0.6005976665107902 1
0.0390870159802376 3.61879683834033 0.647306858917119 1
0.0422359669285999 3.65744415760245 0.684390719485099 1
0.0690299422588368 3.68352508804476 0.684465040741664 1
-0.047013164428198334 3.713860620634837 0.5652480027376794 1
-0.004293048601328772 3.7545737131821886 0.6351308441391907 1
0.027672025351916284 3.7490331100758305 0.5895567310982037 1
-0.009402213704551616 3.684884414233883 0.6650289008268309 1
0.039950730024593505 3.723652324006008 0.661931251307796 1
-0.0461209516512174 3.62527089390327 0.64908162387355 1
-0.0787945934077904 3.65165650584771 0.638017070782791 1
0.000992256328010622 3.61296290043927 0.653345304877951 1
0.0111254240484463 3.66331171185617 0.701796445319447 1
0.03040315978405 3.70257087229886 0.735619402409729 1
0.0662502580163828 3.72505145936427 0.730306339526397 1
-0.0338026706809527 3.56415377713358 0.59618978294314 1
0.00103225016273278 3.54152462092229 0.583004480895272 1
-0.0275024879348517 3.66857142807137 0.702536325619429 1
-0.0611032229952951 3.68486011112542 0.695035222905923 1
-0.028888564216794727 3.759516193017426 0.6917293828991291 1
-0.0028741083719288282 3.731419350229591 0.7280605812423494 1
-0.00325619866446367 3.6943750870751 0.733715750833997 1
-0.0340847303891243 3.71316927002178 0.744478480652825 1
-0.0636791775812047 3.72295228346584 0.729614552695095 1
-0.0656042315768548 3.7596543226656 0.764931332760885 1
0.04250105583572183 3.7816750124334226 0.683857638973974 1
0.00400817710557261 3.73163154812113 0.770974834810799 1
-0.0280647953491035 3.75293776768509 0.786441336096321 1
0.040124457956052 3.75147890515085 0.779583110712181 1
0.0898651603793804 3.78337328735648 0.744516618629228 1
0.052363240042732066 3.8363105492923397 0.7127923758296499 1
0.0700369721407322 3.78840224397685 0.789081499699632 1
0.03491949753217718 3.822562338805867 0.8040428768716795 1
0.00539598810267175 3.77421585324799 0.813531639538237 1
0.0382579660226329 3.80731841826958 0.836951174116442 1
0.030415814796095453 3.6226814951448767 -0.5853158014728388 1
0.0009735491846225012 3.826936455022016 0.8107043636997457 1
-0.0717375447065626 3.80674067642407 0.803377929220983 1
-0.035702225909187 3.80447933171447 0.835204112967662 1
-0.043204103739323485 3.8136458231532697 0.7780628825271242 1
-0.054172026375097944 3.867686466539348 0.7374379330741961 1
0.025189573101065357 3.882902657334841 0.8092020918363724 1
0.003683381096357647 3.9246177106897275 0.7337905511159721 1
-0.03768052857497428 3.908524964379186 0.780611712716705 1
0.00285772141181856 3.82768969268702 0.867617808980166 1
-0.02533335567260525 3.8952287499714497 0.8364631524821774 1
0.0893637987226064 3.84559442422116 0.808664595961649 1
0.0702772270621656 3.85098120016276 0.851401456442732 1
0.0985387501652881 3.84828854881067 0.768459240571901 1
0.0998539631769591 3.91638289723417 0.831208724748055 1
0.0907093693398401 3.9154588800308 0.875932174125448 1
0.038811908006107 3.85687342855216 0.885994465732034 1
0.0701447549396285 3.91294661458454 0.913835414547523 1
0.0974965203656761 3.87203993108407 0.740179003599509 1
0.012570028079994643 3.9636383633114627 -0.7770013667085114 1
0.0850381591212913 3.93882047580456 0.764025337621942 1
0.0971298850520808 3.92926864926569 0.796274260979545 1
0.0620614094931507 3.94802768581717 0.738701643358666 1
0.001177573812839034 3.957096508034122 0.7819367518654239 1
0.03472496439177456 3.9887837149215266 0.8525388098872502 1
0.05634086921977377 3.9592189036944316 0.7990352673875465 1
-0.027341578641237804 3.9585000042344545 0.8237290600749883 1
-0.0017963949166303573 3.926018835529321 0.893093635722782 1
0.0886566047284529 3.99649676828794 0.961518460488934 1
0.0395794962290246 3.91725521555078 0.946971287116176 1
0.0627477240815329 3.97915355180832 0.988474622451913 1
0.100351897313154 4.01396876788499 0.923240116170826 1
0.0973427748517213 3.98225291142648 0.847083878601032 1
-0.013617916733243945 4.025926288368371 0.8239517644535509 1
0.0934634201542792 4.05205757154933 0.904177267706187 1
-0.07512843448556521 3.49555418300773 -0.41203572635938746 1
0.037251308065907 4.01549992637826 0.78563866948365 1
0.0824786364204254 3.99363198240355 0.815018547787112 1
-0.04729423649793063 3.9975169514966162 0.8672060175598898 1
-0.006689928761025675 4.048216266949642 0.9598720382357981 1
0.0794272832029165 4.04212959267005 0.857579698539536 1
0.023509320911541454 4.011173180371869 0.9691525473887896 1
0.0637012274850677 4.01773492491322 0.810665013014808 1
0.0467454483694403 4.05502195757513 0.832001358326557 1
-0.0027369293385247117 4.036140391858605 0.8666600039552244 1
0.057588691247068606 4.061624412538919 0.9471584899202129 1
0.0988117622063972 4.08812065640838 1.00518687894232 1
0.0975602508576573 4.0802582993006 0.955156495607767 1
0.0888578861506339 4.07271682083161 1.03617624002119 1
0.04810717952765501 3.6960689769605075 -0.6435804361405505 1
0.011324134008519235 3.838956284103294 -0.742503858415858 1
0.0293535757661404 3.99241671748022 1.0290872733222 1
0.0813344619739054 4.11537712171831 0.935344168373796 1
0.0756392983837338 4.08708458786147 0.897496849285488 1
0.05247636519327376 4.115924200945577 0.9722833652336228 1
0.06494846474567371 4.108372462769736 1.0255260551284147 1
-0.03723076437880911 4.0351193197587 1.0029438204305716 1
0.0617558142826455 4.04352574460372 1.05392473159514 1
0.008344832888158949 4.050843031202617 1.028955146445225 1
0.0013237112354398885 4.100569052644253 0.9911441762734261 1
0.011203229334554596 4.035721900239759 -0.8548787459847519 1
0.0972969259095657 4.11817522240973 1.04941095328257 1
0.07238219509909076 4.137527766232183 1.0559414269590826 1
0.0891569663760866 4.1105765900442 1.07324466515926 1
0.0683051284470757 4.08766531640882 1.09045745465623 1
0.019040258113728135 4.113807424230833 1.066341617852574 1
0.0986862736126526 4.1542162014713 1.07308466492811 1
0.0406328356313459 4.1461060435629 1.0852649564371 1
0.083147 4.1264 1.10497 1
0.0542327249806226 4.10610731249789 1.12469542701876 1
0.0351928471673741 4.0574488895266 1.09141984113435 1
0.0103305199162222 4.09604309508005 1.13532790491995 1
-0.00805258798637152 4.04671157901647 1.08913411006402 1
-0.00191703995205127 4.13363820051284 1.09773279948716 1
-0.011783494362792 3.98542772779357 1.02701793191231 1
-0.0482662154642747 4.03149215384714 1.05850027237427 1
-0.05347881856305681 4.087549952507474 1.042837205421791 1
-0.0482215619642836 4.07509020491273 1.09677632737416 1
-0.0284106211443151 4.09353685558256 1.12019403492649 1
-0.05703339529932542 4.135300942517659 0.9883438200757736 1
-0.0725656861378851 4.0732990994942 1.07346304034014 1
-0.0265162376684255 4.11869338294163 1.11035544556867 1
0.00510902192191942 4.15466926065919 1.07670173934081 1
-0.0244303793205084 4.15665153256959 1.07751236641271 1
-0.0417764461034816 4.14039885953364 1.092001460232 1
-0.00322884853140534 4.17437389666729 1.0569970021683 1
0.025991655003881 4.17472958725342 1.05664119511279 1
0.03272939240474409 4.174576623875467 1.0173461275801279 1
0.0569718707429239 4.17571844565747 1.05565220523242 1
-0.027874393269555358 4.153659963725625 -0.9747246032958227 1
0.0137368309662392 4.19504628050435 1.03632428330559 1
0.0423415815482256 4.19901432128887 1.0323560812099 1
0.098079 4.17948 1.05189 1
0.0646777567701733 4.19452730868913 1.03684305062025 1
0.0946327418464728 4.12671088532587 0.987107007270394 1
0.079372816721335 4.15836543835489 0.974445953865898 1
0.0994295614830884 4.13626987840403 1.02807772586379 1
0.0931483839012415 4.15653071224241 1.00595629571035 1
0.0827931294451445 4.18391067357044 1.0047318472709 1
0.0806183463476513 4.20714871694153 1.02422207972511 1
0.0584895021976972 4.22236304483668 1.0081793651581 1
0.0639017151036893 4.20419248784043 0.996289960885741 1
0.0538461586735174 4.1900344423555 0.971253572121506 1
0.0383700729406892 4.21712222789136 0.985714904759017 1
0.0532627687749482 4.15726461053938 0.938733645808888 1
0.0252115946589675 4.1839393531323 0.947574178550679 1
0.0126598638643686 4.20793257217684 0.967490745533033 1
-0.0048324667753987 4.18550836707378 0.942842652150643 1
-0.0127374647365526 4.20469447015103 0.966574175194796 1
0.00754018337875797 4.23414353074364 0.9937726444898 1
-0.010992867654194 4.2224253363673 0.983097897102662 1
0.0363385240674803 4.2304495428189 1.00092047186478 1
0.0310823485864791 4.21131545799943 1.02005482686261 1
0.00956266920131828 4.21132953874426 1.02004082828603 1
0.0164780952229892 4.22304128115064 1.00832890639242 1
-0.00308490254388977 4.22277007584261 1.00860004615154 1
-0.0110491396515893 4.22453871153408 0.997985000305994 1
-0.0316293556846598 4.21222710077681 0.981741376487152 1
-0.0288614835824144 4.22268069250222 0.999525744568783 1
-0.0131155890098936 4.20724100933319 1.02361301583003 1
-0.0191376562086908 4.22271541837969 1.01068542281017 1
-0.0357412449497789 4.21144471406435 1.01790374088733 1
-0.0468230636272925 4.21461057618763 1.00269304607894 1
-0.0658113176383585 4.20344446250285 1.00508215817573 1
-0.0532530930755204 4.19888845095846 0.981518287149438 1
-0.0581922195110894 4.20283699058232 1.02366487531682 1
-0.0450534076359119 4.1959721684037 1.03495865160487 1
-0.0304315963511862 4.19631447970353 1.03599140045632 1
0.05350532391438578 3.4067060248943566 -0.2699754196699948 1
-0.0140260610801911 4.19135414970378 1.04159241000849 1
-0.004038163226297124 4.166863694769477 0.9737073659867171 1
-0.053078486165213656 3.723766564329966 0.6321163576716964 1
-0.0509629397967673 4.17973682268177 0.957269357855906 1
-0.0359679613317802 4.17949995994841 1.0553124491406 1
-0.103687820643292 4.09057189303975 1.01454178397759 1
0.08664103790068729 3.019769944211346 0.2128902503006263 1
-0.0996516581002326 4.14600242880318 1.01480624543949 1
-0.0987143853307433 4.12855962869542 1.05609292260787 1
-0.0784163976608586 4.17002155945841 0.977827824256971 1
-0.0630527141896492 4.16249252253006 1.07346873156208 1
-0.0652169614967904 4.18554696962661 1.04594583745819 1
-0.0944281680289675 4.16795446519495 1.05663731229471 1
-0.088339004331699 4.14443548379304 1.08258537721126 1
-0.0670967360379302 4.14156566852024 1.09101285106986 1
-0.0552746882616734 4.12793992412186 1.10146434493277 1
-0.0747954112754886 4.12708960647288 1.09818274687998 1
-0.0827579448801244 4.11069216686604 1.08625150696852 1
-0.0903664234941118 4.09064213073592 1.05672676240751 1
-0.065937143127769 4.0929912483635 1.09440125115795 1
-0.058183603778186 4.10853187724055 1.11010232220151 1
-0.0818868233749015 4.03421680211756 1.02187064240175 1
-0.0966946329871257 4.01679735356976 0.959757375961976 1
-0.0810458364473634 3.97621703477187 0.960472715489183 1
-0.0599355237159505 3.97869299308261 0.993310799252168 1
-0.101707020403151 4.05821610401238 0.960830243465695 1
-0.0968032392401524 4.0981787817972 0.947386894592041 1
-0.03432511782004945 4.1066745762858305 0.9323471410065657 1
-0.0742516865322057 4.12659228737641 0.928700227916452 1
-0.0538260790412198 4.15494964225525 0.932976917834393 1
-0.083824332869671 4.18987509494846 1.02567050048601 1
-0.0925922326415618 4.0266670543823 0.871343174311129 1
-0.10037542243796 4.02002618661086 0.914000706660844 1
-0.04883333719148722 4.042177076437791 0.9188422163354657 1
-0.0766860859592203 4.07964770638499 0.888238633296038 1
-0.02729278457716313 4.068816228660873 0.8738193577589439 1
-0.0469306852968556 4.11403942035358 0.88853608412553 1
-0.0170127909785447 4.15100089240433 0.91058662370342 1
-0.0698407310783921 4.05043225167682 0.850539202221795 1
-0.0493180109938549 4.07714771282147 0.855306783915051 1
-0.031359746117743455 3.9868843161030605 0.9664698984485851 1
-0.0485932178827314 4.0412820368197 0.819528539349528 1
-0.0184093747205411 4.06407949967424 0.826422912582321 1
-0.027621839743468 4.09092174250516 0.85637300428194 1
-0.0143750188717428 4.11283831338538 0.873934744405384 1
-0.00450228232954605 4.08662787968701 0.847338770095211 1
0.0235904041790043 4.09566640512104 0.860011557614126 1
0.0130003752856049 4.12957450399179 0.890892092678392 1
0.019741794193465 4.16047916530442 0.922001145539523 1
-0.0313303152132428 4.17438742061112 0.939147458635702 1
0.0492657807225312 4.11739060526645 0.896180336810778 1
0.0564732370406245 4.08336594151871 0.869021577454272 1
0.0138814071567101 4.0692382610522 0.831465938727668 1
0.0122004384118626 4.03825320868537 0.799773146383118 1
0.00711139090889929 4.00254153790921 0.763076192612203 1
-0.0222250564129991 4.01977709638559 0.783361888008685 1
-0.0541443036586675 3.99692996222922 0.779850387878477 1
-0.0778392580634538 4.00598935961477 0.819446131534259 1
-0.0823829720485102 3.95636137874363 0.779120069559539 1
-0.0941652349124029 3.96435404713839 0.820329479053155 1
-0.0991760735217582 3.96392256473479 0.85732118507418 1
-0.0934415429177254 3.9305489233784 0.882652492958043 1
-0.0663642271714073 3.92167097099245 0.926819817956843 1
-0.06472911381741209 3.92488898574726 0.8464932944344398 1
0.00616380813490127 3.93103212569896 0.97188334515373 1
-0.034785050685927 3.93119265409535 0.963920426517319 1
-0.036945028390563 3.98667154734674 1.0192088138348 1
-0.0371714933322994 3.86692942746354 0.897325220793824 1
0.0034596713241419 3.873896875742 0.914233975819042 1
-0.0703577336998226 3.85612594448581 0.855667295093173 1
-0.0977687298723067 3.89525854376222 0.773968658993451 1
-0.0939529563280713 3.86129756218076 0.807765120079176 1
-0.0990269822855162 3.91912130418959 0.825262488172596 1
-0.0597636757881948 3.95716984058683 0.746361572796303 1
-0.0823277336920634 3.9173889096024 0.740121732974351 1
-0.058311845379076 3.91545172252212 0.702177567406848 1
-0.0263462820818926 3.96985302809072 0.734416270381516 1
-0.0784267150773438 3.87770758773984 0.692369580717687 1
-0.0923621853094861 3.87460810662229 0.724173968894904 1
-0.094140060651522 3.82087327301527 0.676545194499362 1
-0.0993597093135878 3.83449721405478 0.735736524977135 1
-0.01659918219815047 3.83650679469456 0.6734644055440386 1
-0.027375036959568742 3.804994044123541 0.642406493581727 1
-0.0632300604523478 3.7789277497970155 0.6544467732871394 1
0.01958026017199466 3.8077204273997407 0.6248143237693277 1
-0.0305352127437464 3.84766984101573 0.613366701850731 1
-0.0781495301368196 3.83551092507241 0.65000627227223 1
-0.000452583159145342 3.88206974941114 0.640826651038591 1
0.0014403283416995836 3.8852581443793888 0.6924438893984062 1
-0.0560915375811133 3.86444515189875 0.648229845423361 1
-0.0313810061161363 3.89704057263818 0.663836568669584 1
-0.0331375733652894 3.9283207261503 0.696391481860935 1
-0.00413489395687547 3.92851161176303 0.68825714540321 1
0.0376372105986181 3.9157249582905 0.684804021255068 1
0.0669477196605593 3.90456766500168 0.700641462287908 1
0.0104224142145669 3.96355437421226 0.724357977520149 1
0.0364863809755644 3.98098767331197 0.750269197622067 1
0.0626255973121312 3.98562304161329 0.776961587732683 1
0.0836767018202476 3.88839025707765 0.71194425154882 1
0.0832380900150386 3.83293687808593 0.654489273293175 1
0.0575928703360265 3.86566470777868 0.651115408628136 1
0.0968655382957618 3.81685831047271 0.685574061508601 1
0.099108711657601 3.79404785245534 0.707419449516232 1
0.0965144902995889 3.76844113683704 0.633860807484 1
0.0806518311327736 3.75100919729568 0.568444891567961 1
0.0532969410119039 3.80848993651906 0.589624771479494 1
0.017826327874886 3.78430255363578 0.54512421147687 1
0.054717929393044 3.75357691197907 0.536077837493754 1
0.0275905176765821 3.8523368376225 0.616687217536746 1
0.0986314988207927 3.74634165428964 0.659683811849152 1
-0.00237299105223637 3.83022471934379 0.588863273757621 1
-0.0240869521937543 3.77441519492792 0.536275729044316 1
-0.0582544419900083 3.80804701368242 0.594014025979462 1
-0.0851195244421038 3.78032199211687 0.607360308607603 1
-0.0581218387832896 3.75906378092011 0.545066299704279 1
0.02209338817414329 3.107892721291236 -0.2228729646556762 1
-0.0989083756240375 3.77253231354701 0.685619912057762 1
-0.0965131381703258 3.7802865739636 0.648209753953357 1
-0.0983683697533884 3.73327959506653 0.608686696981426 1
-0.0869020424463711 3.72975909238439 0.699236577591453 1
-0.0978729376877317 3.72819006758197 0.652642145727152 1
-0.0899458532941048 3.79390095423085 0.75357050287549 1
-0.0966749107995669 3.67794072928108 0.613399941445484 1
-0.0836016972645219 3.70005308383928 0.521213716498394 1
-0.0987580423281096 3.6610238894047 0.537679304115203 1
-0.0536791570630147 3.71335953174575 0.494401352855484 1
-0.02753828396972 3.67770385033386 0.443376378166597 1
0.010832079030412 3.70624978181982 0.466452704728989 1
0.0436016169727129 3.71577735595628 0.489221227674225 1
-0.0987303279902763 3.62005209177959 0.538778185965991 1
-0.067477010124495 3.58113036779979 0.585084991504611 1
-0.0891547807690896 3.60370727965522 0.567135075219822 1
-0.0327245520384387 3.5153375959632 0.549282037800742 1
-0.00291811217722394 3.29117899830108 0.334318939904972 1
-0.00960266965952014 3.24502189545258 0.287315600467421 1
0.101663122117575 3.2 0.113889512936991 1
0.11485774032833183 3.244272532015823 0.14732266842716063 1
0.141421 3.2 0.141421 1
-0.03687817430331252 3.667596357067699 0.602387201672136 1
0.1308476721146018 3.250563876038577 0.09604538369681434 1
0.00499302284976658 3.2 -0.0289665825717365 1
0.101910535454324 3.2 0.015477717935826 1
0.125288962198231 3.2 0.0768246741184138 1
0.13663468385321062 3.230372968904784 0.04071855503067835 1
0.154922117210412 3.2 0.0447029014606794 1
0.1863279219118288 3.2342665806572652 0.06392670473635192 1
0.167699551415823 3.2 0.10848442791338 1
0.1300957295812566 3.306398137377956 0.07572204581707336 1
0.1292667982826909 3.302494699309164 0.12309111286684553 1
0.16825732524650278 3.2677595105806696 0.12034156566279489 1
0.174803800692694 3.23189672280701 0.176050860742822 1
0.181081694604272 3.19097530437389 0.169543061058322 1
0.133662787885217 3.16396789431579 0.147788260646596 1
0.156842390419113 3.14473109856825 0.122630501088246 1
0.167772896561188 3.29143824898879 0.181883311713475 1
0.17968047702289752 3.3372048218518056 0.09538656753542794 1
0.18589630622431358 3.291610894335744 0.05958208817858952 1
0.206327775926638 3.31012343917616 0.139488259621531 1
0.225823941330019 3.24302084412104 0.105625049465877 1
0.200010438549134 3.24966390096055 0.147321693285958 1
0.230038707587669 3.30050250067401 0.0956945474704858 1
0.15703497279360493 3.355520775037573 0.056984781852244086 1
0.2042981366099751 3.3502188630048177 0.03124400326795351 1
0.243700150866583 3.31917796185288 0.0510787251320931 1
0.163475851143057 3.3447819377381993 0.0019299635849094193 1
0.19534355427501543 3.28738273667115 0.006996678801132986 1
0.1373205947760785 3.2815430118264977 0.029314815292846345 1
0.248143069640626 3.32707037445959 -0.0134086437647757 1
0.248603560092447 3.37834954387773 0.00952457061757896 1
0.05253110292751641 3.291491007450731 -0.025717724553648697 1
-0.04302045899573701 3.6842584148822843 -0.6307425558624006 1
0.11268412403161572 3.348632209912381 0.03419972766424695 1
0.10848657931033694 3.3293363548326163 -0.017921689626338864 1
0.14419233853112234 3.2859536902004227 -0.03704553810969886 1
0.130992661606856 3.0307773333874173 -0.1799480837549667 1
0.143414210224147 3.4 0.0254165681351735 1
0.2 3.4 0.0 1
0.197837117778248 3.43851205817374 0.0219600358147752 1
0.09505022449757515 3.2578295451515187 -0.02941114438134191 1
0.14918358697753786 3.233753382837737 -0.011859717148238313 1
0.19094829272958772 3.2328184219025786 0.017402207412900175 1
0.185672447470016 3.2 0.0735817401258643 1
0.242772493456633 3.26246006656353 0.0560533214449598 1
0.227273385073656 3.19521109090117 0.102069270137816 1
0.238612092637599 3.20259313313657 0.071116181185207 1
0.208361521884188 3.19156448459259 0.136852093748367 1
0.196157 3.2 0.039018 1
0.246475769953613 3.21680840294031 0.0341005947203576 1
0.248628587009548 3.26326437098441 -0.00977148055924239 1
0.1896008221431181 3.2325606029634457 -0.0436339127052142 1
0.19148832868409588 3.313502390864487 -0.03501297974054234 1
0.23692169817081 3.29158913346055 -0.082126576973258 1
0.239278222146319 3.22236713965381 -0.0673367952614741 1
0.006859460644227259 3.487839360581417 -0.3881556646494444 1
0.248787473386491 3.19041522560793 -0.00861605856798703 1
-0.013309040146193602 3.8221953189331983 -0.8000657048753419 1
0.243236091373704 3.38066002327288 -0.0608614693152516 1
0.19507679649750492 3.3501497933678603 -0.0753976230824593 1
0.15443708265986247 3.3691121606744394 -0.05569511239224466 1
0.196157 3.4 -0.039018 1
0.2214195288755599 3.4222641448189606 -0.016312611868622883 1
0.215093620521444 3.35525696268929 -0.124321465079012 1
0.22180593611514 3.41210698664021 -0.11147626744551 1
0.1812255 3.4 -0.075066 1
0.184776 3.42505636243911 -0.076537 1
0.238936628746069 3.45466010531052 -0.0703129897846316 1
0.249055854158169 3.45111419257027 -0.0106444048325197 1
0.145498814423827 3.4 -0.0121680733085426 1
0.198921468589933 3.44115516129025 -0.0109497505818888 1
0.195499006424843 3.44713999719909 -0.0411871644799512 1
0.191783473115752 3.49967763139564 -0.0534356653817374 1
0.250194687938035 3.55685380698326 -0.0208802391416642 1
0.236564943789069 3.54862407732707 -0.0814338746649176 1
0.192469654176684 3.55943677845049 -0.051173424004102 1
0.192216421386386 3.62079999560302 -0.0520086483616715 1
0.246195462510999 3.62127709369507 -0.0548876730552369 1
0.199533411236046 3.6467980191148 -0.0047338307284955 1
0.252262603742545 3.67932052339306 -0.0134765692409458 1
0.247743056526124 3.68671408311465 0.0354707105423294 1
0.198956462252553 3.7499999999998 0.0105950444522228 1
0.237234553490894 3.68958994329003 0.0734135867160372 1
0.242682891151011 3.68618257858407 -0.0612831346514529 1
0.197466272909965 3.69151501682538 -0.0257228911760937 1
0.196157 3.75 -0.039018 1
0.242012032454545 3.7422394319236 -0.00247195468118818 1
0.234468522325565 3.73856055178356 0.0469884484352931 1
0.237436500271981 3.74136902501397 -0.0489521912760434 1
0.188904263673661 3.67910302794931 -0.0602468982160369 1
0.181542 3.75 -0.082588 1
0.225247122147339 3.73164332643494 -0.0920337548692565 1
0.23183329193575 3.63680611336951 -0.100180671647921 1
0.231409935314049 3.68900061722559 -0.0929380208370229 1
0.1926846235378313 3.6988727546943583 -0.12011614747083169 1
0.203966584576831 3.73549114191174 -0.130930762712447 1
0.217430568053743 3.68842597089382 -0.121557833623206 1
0.164117499792982 3.75 -0.1137659998301 1
0.175112581960335 3.74598399640178 -0.170984916133853 1
0.177039209337658 3.67179326447107 -0.0910113540056155 1
0.157064540911693 3.6675713656047 -0.122359818059695 1
0.205279572468885 3.63525868220944 -0.146182541934186 1
0.173119202161915 3.6230816471324 -0.0983450888890521 1
0.138541201043691 3.69362181951427 -0.143784455288886 1
0.128304 3.75 -0.152186 1
0.174445091630858 3.65889831614479 -0.181913614599742 1
0.113030457568798 3.6149816338751 -0.164721144654997 1
0.150436100337133 3.59465413092497 -0.130436372254352 1
0.196315998448851 3.6897495129898 -0.153191788178623 1
0.109249110395813 3.69045730765005 -0.167290703516764 1
0.1412531351414 3.68507571542244 -0.206834785663167 1
0.124563189402648 3.74348824335696 -0.204823621130383 1
0.0964857786268963 3.66974659023562 -0.231860175536199 1
0.0624978696848178 3.61722261708183 -0.189034624753247 1
0.0601298198964996 3.67839297614331 -0.18975313358937 1
0.09231275 3.75 -0.1763435 1
0.087011555117677 3.73638658427848 -0.222452334944478 1
0.0544945000000006 3.75 -0.1914625 1
0.0485831136492975 3.73594992025185 -0.234826471756597 1
0.0096667350692419 3.74791153488475 -0.199047894231609 1
0.0383084343111642 3.67176782652407 -0.246721613840796 1
0.0113081948266388 3.62601606528304 -0.198886384239361 1
0.0143792849614724 3.68165221338798 -0.198583741039855 1
4.29889902185271e-05 3.73819662526267 -0.241473581608263 1
0.00304730035967101 3.59329166557592 -0.243790397866635 1
0.0161876091984586 3.55471197904123 -0.198405633754942 1
0.0470115117058916 3.60089733146968 -0.240044956643288 1
0.0698344549786583 3.54357025492588 -0.186809259142187 1
0.0767555752130224 3.51979959721246 -0.2314437661165 1
0.0378661786856209 3.54261253763027 -0.247042007689241 1
0.0032785136428857 3.5562134793808 -0.242001422038547 1
0.0989717155588147 3.600914270918 -0.226248541773012 1
0.131770689872174 3.5477704469569 -0.208690750740629 1
0.138314857541232 3.62235393186383 -0.210032417320574 1
0.176748731064854 3.58163958734725 -0.178584818353416 1
0.122981046811616 3.54458971053837 -0.156554697022294 1
0.173832508375293 3.50301139184666 -0.177750742714795 1
0.153115842461748 3.52580616921606 -0.12717118733212 1
0.211085794833937 3.55023827460919 -0.134914412536487 1
0.175637999313492 3.57080060167537 -0.0936331357532178 1
0.175360522258523 3.51450734495874 -0.0941521436183075 1
0.215653817197017 3.47866355816495 -0.123687355848102 1
0.174073374479634 3.470110189999 -0.0965599781743154 1
0.148099170047585 3.47811497314406 -0.133283851487748 1
0.188483601262336 3.41970467589058 -0.161078166867496 1
0.153784096240024 3.4 -0.0510411671381335 1
0.166294 3.4 -0.111114 1
0.169897484856662 3.4362591049444 -0.104372430046055 1
0.179331376013047 3.34235084383054 -0.171936191453629 1
0.132149819930966 3.40045256972735 -0.149029871279146 1
0.149360579496685 3.43622317523923 -0.131746862033826 1
0.15325543099390648 3.3422707988698286 -0.11378748516430502 1
0.116197019917877 3.4 -0.105958474732677 1
0.110135717438397 3.4 -0.0642774518732286 1
0.072701182299517 3.4 -0.128020634639423 1
0.0987013878673618 3.349107048236785 -0.10770941202028943 1
-0.0383103919875243 3.9217106717213737 -0.8711844476969601 1
0.10220110219765892 3.3593727707863295 -0.045691654553123885 1
0.1363726707306431 3.336712144065956 -0.06434228391607456 1
-0.03566464274399871 3.6074409087849144 0.44502103238284446 1
0.1215550509473534 3.2853908554113227 -0.09270809708193146 1
0.07817410867843382 3.31421963079718 -0.06484438755056 1
0.17333734122812672 3.2741443265638184 -0.08516458567837451 1
0.0800842813359086 3.2497607706228533 -0.09609404445603538 1
-0.047926459009778606 3.7013492717667145 -0.22091559624490897 1
0.0465660713256555 4.091613746124713 -1.0348582643657955 1
0.03303912591585581 3.284890106333076 -0.07997685975582489 1
0.03770883184126091 3.238172732953261 -0.07887770320141392 1
0.0743980445907922 3.2 -0.0660895555817625 1
0.1355852225993962 3.2291956443305727 -0.07217970566918067 1
0.123767326221096 3.2 -0.0277523366176522 1
-0.022582931596600082 3.4678062077726564 -0.4590826143711375 1
0.159677458289909 3.2 -0.0010429656904991 1
0.143581049232606 3.2 -0.0660393430123785 1
0.150685266002497 3.2 -0.0326138095301132 1
0.199163796024163 3.2 0.000207253922786088 1
0.18847902476308 3.19735737074143 -0.0595762130357439 1
0.194027515700218 3.2 -0.0391628406424012 1
0.176852486995064 3.2 -0.0201029031664502 1
0.199859426381947 3.17073441099132 -0.00142746522559437 1
0.188322950449382 3.17118804408572 -0.0648440737120638 1
0.192710578319915 3.14621673427301 -0.0503797311941354 1
0.1726781710161 3.15143781737577 -0.0991701908222218 1
0.2160730067195511 2.920221420324098 0.062347287186610686 1
0.186383382836781 3.10619211860338 -0.0712380458963901 1
0.24187577134054 3.15410545247805 -0.0645794823822224 1
0.21888454823515388 3.1197176799876325 -0.036973794157665336 1
0.19854571053302 3.09688714299164 -0.0147668738965919 1
0.198960185910089 3.14133917686588 -0.0105572381369155 1
0.245354667920425 3.15452619273083 0.0454129165061195 1
0.197031205764936 3.13730938411815 0.0301421840915224 1
0.191584428691265 3.16737292584068 0.0540920138739844 1
0.249565689813837 3.10419675312656 -0.000223953230723016 1
0.196375694865458 3.09165092803498 0.0367975898359563 1
0.243093238699636 3.07143455690003 0.0590619310754895 1
0.229863524864243 3.14321156751077 0.0981142001409149 1
0.178735826512249 3.14580726042454 0.087837347584162 1
0.182283618129376 3.07017063217161 0.0811998659203856 1
0.207530800607629 3.14554935376973 0.138243364927062 1
0.206499976745214 3.09981520979876 0.141321659002682 1
0.225368140387702 3.07820888255903 0.108079938761821 1
0.153485315053491 3.09162717173864 0.12672099612728 1
0.179122330841701 3.1420397595992 0.173441997088306 1
0.178281451985476 3.07792145621456 0.176306424160049 1
0.211531379969859 3.03135780806883 0.135828687226642 1
0.183320065127374 3.02269081465295 0.173488640542408 1
0.163359229599569 3.01718065370306 0.114689929622282 1
0.195627464552292 3.02163312171775 0.0407634466614727 1
0.234167286556858 3.00375243415338 0.0961434642418888 1
0.182130453482055 3.01539067744295 0.0814864135889504 1
0.212589175315836 2.96007949429053 0.135707283681793 1
0.180955498802336 2.94097722635167 0.0836845743919281 1
0.148756008101965 2.94551077146092 0.132483513949011 1
0.247943029081591 3.0037593114074 0.0486514095400181 1
0.245985878423718 2.94195376317033 0.0576974975329749 1
0.233342287971505 2.86308733048218 0.0942867227092932 1
0.200159805431412 2.86601111242242 0.136415800781792 1
0.186802278950288 2.94417950696341 0.166443617813227 1
0.196410805809029 2.85 0.0381812949522034 1
0.240892120213273 2.8729836549561 0.0430524819509399 1
0.1805663117368 2.85204578378167 0.0844126839669235 1
0.194318516695425 2.94384124442053 0.0450781518708873 1
0.153136037274457 2.85218751190427 0.127146580562178 1
0.16849140700563 2.86695848069237 0.173474457077454 1
0.197309833598376 2.96487372613944 0.00999792741705553 1
0.254050444181719 2.94827612118926 -0.00136988449503715 1
0.199582501348091 2.85311950380168 -0.0042388660942489 1
0.237557508469855 2.86430878181359 0.00578005343310085 1
0.196309220964912 3.00546990512922 -0.0374724997114365 1
0.243816399329462 2.92426768732333 -0.0566786616761851 1
0.240389374275218 2.99602451770451 -0.0802210509511102 1
0.249419581734863 3.03688605388807 -0.0262909618788326 1
0.196564988178382 2.91775112685574 -0.0348756937954429 1
0.23818564476561 2.86326805538072 -0.0354592435693321 1
0.250367599820599 3.03532490066084 0.0168606343559043 1
0.2213801068885098 3.0612426204178216 0.006863215698921883 1
0.197615102709277 3.03274760625763 -0.00555827442838778 1
0.241321262708106 3.07768399575935 -0.0675281669100321 1
0.21181095188982665 3.06042277094798 -0.044874576652561414 1
0.194436998554892 3.06436067607999 -0.0446882165204304 1
0.184756333653232 3.07239652924637 -0.0765737927319668 1
0.185560573200282 3.0246230941035 -0.0739509017906357 1
0.218526932199544 3.09219251841708 -0.120934132296714 1
0.182998257099865 2.92329648548656 -0.0798628855241837 1
0.214267123273175 2.99543265324726 -0.131789130228345 1
0.218849564970166 2.92582583270128 -0.121827054569473 1
0.233300940765874 2.92554362810047 -0.0911459049241612 1
0.225981144866899 2.86436362272657 -0.0899241592575272 1
0.164894765946304 2.94917244195272 -0.112818924474947 1
0.18574579939134409 2.8930281371666378 -0.12415211674361357 1
0.155299616986856 2.85298807243839 -0.124510323964916 1
0.180327600510195 2.85 -0.0848592370308167 1
0.196157 2.85 -0.039018 1
0.204640451232471 2.86643613709969 -0.133799671268283 1
0.175091662348662 2.85331566140697 -0.174004207181159 1
0.134722724824076 2.93734712792932 -0.146918284590248 1
0.129087606753885 2.84864587207203 -0.151543034190472 1
0.191715699371387 2.94381860699764 -0.163625473924922 1
0.14981497355882 2.96844012944297 -0.205232287550747 1
0.102048497011067 2.91578827287458 -0.171139782429196 1
0.132573471575825 2.86282508754842 -0.203787903701292 1
0.184748082932667 3.04903772478617 -0.170656556667261 1
0.134837604090227 3.0350445129132 -0.146824003002381 1
0.162319322543361 3.01965266959869 -0.115957024551858 1
0.164154309469989 3.08743521519137 -0.113721148349337 1
0.17691341161331 3.16285509194193 -0.176286280132034 1
0.14568199020092 3.12727824044483 -0.136229112008231 1
0.215953803310609 3.1737784486739 -0.123468776834736 1
0.103229608411359 3.00880889931177 -0.170508443067503 1
0.107841868596552 3.12266056313662 -0.1680430520802 1
0.144700102749176 3.0899522790608 -0.204138681168779 1
0.133058910999819 3.16873001652806 -0.148283778886115 1
0.157887072437264 3.17013564865122 -0.12135767282529 1
0.168176136349507 3.19775234397157 -0.107592810271783 1
0.141421 3.2 -0.141421 1
0.179210254806287 3.17604605068229 -0.0869496531076817 1
0.182930533825943 3.19471474148285 -0.0799895854290867 1
0.230679802110483 3.19649192708496 -0.0943016840086872 1
0.178956418613804 3.19844637278404 -0.0778308116386383 1
0.222104455554824 3.23556116126102 -0.112081325611569 1
-0.017873601829176487 3.6953492449416707 0.5131675396569209 1
0.16354929474285218 3.2346973765205034 -0.11393968872950123 1
0.157720708952558 3.2 -0.0874615283951997 1
0.139522943290126 3.2 -0.104326549503634 1
0.197675526714457 3.21923587798478 -0.150804211961211 1
0.17599364999667 3.26199091715493 -0.176195932204775 1
0.209364210184536 3.28516356388855 -0.134703209865241 1
0.133542666792268 3.23977116352649 -0.21005918657389 1
0.136628037411143 3.16781811334389 -0.207610041299171 1
0.0992444959487555 3.121583121179 -0.22811367105791 1
0.076537 3.2 -0.184776 1
0.111114 3.2 -0.166294 1
0.0724228049759826 3.08629369387886 -0.186023962300278 1
0.105355905621795 3.04489946469501 -0.228241803928593 1
0.093691598732292 3.1968798492467 -0.231368844772104 1
0.11022328620392866 3.2422309450707902 -0.14414142082802225 1
0.108355299220491 3.2 -0.112304895432541 1
0.0564611874485517 3.2 -0.138490997950882 1
0.06464485118602113 3.2485620128111914 -0.1994215538376866 1
0.093953854977307 3.2948137691835706 -0.19071019300636763 1
0.07281478632418953 3.2963878585287616 -0.13632442637739492 1
0.03763845648429962 3.2476357959671756 -0.141939438537892 1
0.007991554477332732 3.724497529377353 -0.7192485909396447 1
-0.04621430510242318 3.5057800064985636 0.4663660496044541 1
0.0364276957389919 3.2 -0.196412126845944 1
-0.00064651150669863 3.2 -0.132476160670871 1
-0.02051196320359699 3.2407726246151833 -0.1544738666012646 1
-0.0517208715863579 3.2 -0.0971005834485656 1
-0.08786960577762411 3.2494546092688616 -0.08764164981784854 1
-0.07764203351197972 3.245329601615678 -0.14321404097258456 1
0.08181582183425146 3.1403835675809324 -0.20995782287187514 1
-0.0663619697518036 3.2 -0.14217416818115 1
-0.105110546446598 3.2 -0.115016200275325 1
-0.132175400112362 3.2 -0.0808914470773165 1
-0.1359453789771171 3.2581861028729753 -0.11826076051422864 1
-0.111114 3.2 -0.166294 1
-0.141421 3.2 -0.141422 1
-0.137250886026231 3.2 -0.113904775812155 1
-0.166294 3.2 -0.111114 1
-0.12745202717524734 3.238302431912445 -0.16837035336598397 1
-0.169801268298709 3.21321398324403 -0.180736569115505 1
-0.202231624906446 3.1754046884831 -0.14502013999279 1
-0.150750450369322 3.16968008370603 -0.13005395605406 1
-0.170278398975695 3.16241075155447 -0.10365979789078 1
0.018123817314867566 3.5769144372235995 -0.5685135843394707 1
-0.169931325606029 3.4 -0.0411605131915307 1
-0.196157 3.4 -0.039018 1
-0.2 3.4 0.0 1
-0.196939244422705 3.44657257994859 -0.0310763407352327 1
-0.1965873352534 3.47748521281832 0.0346488038206691 1
-0.250147814550778 3.53858987815425 0.00768087092183079 1
-0.198075718717021 3.56188985482904 0.0195349383068449 1
-0.24559003457768 3.57473674549884 0.0538816972843779 1
-0.248868448164048 3.64814585019866 0.0351361841015577 1
-0.197679399880521 3.75050021588344 0.0235610656939419 1
-0.165860827640519 3.4 0.0454278434589583 1
-0.0404390629242282 3.2 -0.195725923792829 1
-0.0787400329956196 3.19829544669726 -0.183597940603128 1
-0.0991197968383869 3.21508432014273 -0.228086789787227 1
-0.121563044649288 3.17496284447617 -0.215506629857265 1
-0.0803572466336648 3.18346491891452 -0.236089667555587 1
-0.0656443716672949 3.15051595167965 -0.188079950691788 1
-0.103082764026328 3.16983414454648 -0.170586709331523 1
-0.127707324256087 3.17416537581084 -0.152676381598396 1
-0.0950515280526569 3.13966828909295 -0.174879418663046 1
-0.126389234498748 3.14338413031729 -0.153758096332436 1
-0.16870574282361 3.13625295305315 -0.182568726834479 1
-0.134471612017227 3.08799824408511 -0.210497187160457 1
-0.151668088912443 3.13724207566169 -0.128935819372078 1
-0.128459755725834 3.08852073813711 -0.152058884798464 1
-0.203470251152718 3.09487480026107 -0.145175275346982 1
-0.159679705557868 3.05873860919065 -0.119173513831855 1
-0.170345329364376 3.10904089084026 -0.103534271819056 1
-0.185265545947532 3.08689504928998 -0.0749231458215036 1
-0.226355531925599 3.05069337144511 -0.108152587719446 1
-0.180689697139955 3.02163873765329 -0.084181848717227 1
-0.230074876401249 2.95287023624888 -0.104315321810737 1
-0.207231770830497 2.99164683014791 -0.14436876586173 1
-0.169540878325504 2.96442251137975 -0.105039332779344 1
-0.133131866745397 3.02537038933849 -0.148224630491586 1
-0.17540322416019 3.04275663906169 -0.180340357436606 1
-0.177989668626159 2.94125714477595 -0.179943617661982 1
-0.143855143532751 2.93331528675864 -0.138455971688553 1
-0.205005178346874 2.8630020653777 -0.141025071647968 1
-0.166293403885694 2.85 -0.111115115238847 1
-0.227131564007984 2.86031311868208 -0.093200082245164 1
-0.170574712307269 2.86374320006417 -0.174070620619951 1
-0.130892302848275 2.85067576229872 -0.150061916872111 1
-0.1371780370653 2.99045069697659 -0.212474390222264 1
-0.0963298834533548 2.97991720757639 -0.174195913842496 1
-0.136097024809537 2.86277099755274 -0.206033103932248 1
-0.0856653045912454 2.84775320086721 -0.182006646208408 1
-0.0939418708330555 2.92640791302178 -0.233223562416928 1
-0.0877500901261956 2.86069785437821 -0.221787916832026 1
-0.036987640267227 2.85244932115368 -0.196356976227717 1
-0.0510049522868046 2.87245386142709 -0.238985644392251 1
-0.0531365012650941 2.98404855122708 -0.19187418474071 1
-0.0883932698987348 3.02433691806676 -0.235194558798399 1
-0.0410768421519426 2.96377286050388 -0.249282576630103 1
-0.0463020638503901 3.06808614009676 -0.245667953366739 1
0.0100537806912358 3.00040852238471 -0.251830060203824 1
-0.0256776786143999 3.04351511567748 -0.197470928317312 1
-0.0107068445190861 2.94893075283725 -0.198552058485495 1
-0.00103705316717707 2.86214579456566 -0.252191161987727 1
0.00399374008001635 2.85 -0.199606358073543 1
0.0293106432251884 2.93025040598446 -0.197112962238202 1
0.0529120325144204 2.86210684455282 -0.238076002839521 1
0.0610605 2.85 -0.1894705 1
0.027596656250606 3.04913196203949 -0.197281814103913 1
0.0478435751388658 2.94953594262495 -0.249078927399498 1
0.096008525701075 2.94652534506365 -0.234550912637845 1
0.0666610257371727 2.98396474306262 -0.187771687731518 1
0.0920975569933421 2.86125944374995 -0.218973722896895 1
0.0526333215661971 3.07168689525958 -0.245108773215512 1
0.0107495525393687 3.15877272540287 -0.249934857807312 1
0.0577450139982907 3.1551192389768 -0.242595075549881 1
0.0395982552790501 3.14141063320694 -0.19598098557182 1
-0.00165171032841747 3.09524842496893 -0.249289305800658 1
0.00363425373805531 3.13110568686961 -0.199642051434842 1
-0.0311696066056771 3.12283608467406 -0.196930119815576 1
0.0943610098143827 3.2691636601196 -0.237454247865455 1
0.0724220244702971 3.24053923921141 -0.247302920554289 1
-0.00225074720223471 3.1970907307111 -0.19977832121964 1
-0.0310778370889588 3.21032880983303 -0.252575096637238 1
0.00381126030884738 3.21272378364777 -0.260008502266718 1
0.0455472240693352 3.21596164802753 -0.251531669660996 1
-0.0415591575197681 3.14504635886229 -0.24525246411022 1
-0.0864329417266774 3.08995860378819 -0.179485956921248 1
-0.0893222273356181 3.11487599993792 -0.231926599167679 1
-0.012215458561030637 3.252512507231028 -0.21562496392784986 1
-0.0571945904855505 3.22858798138706 -0.251920111961447 1
0.051916005786497264 3.2853359282451122 -0.2413455772244143 1
-0.013643190221216678 3.271980131978231 -0.2669356942483485 1
0.05206435490869142 3.3476786720422003 -0.1666390232233133 1
0.10895544970523428 3.3475264452208893 -0.17230706041280763 1
-0.026110042775361334 3.311880008514173 0.22126351944505362 1
0.144734928920872 3.31200584911042 -0.20229813022963 1
0.106106081499734 3.32278930091699 -0.230049386459106 1
0.136940057957544 3.38271665865994 -0.208483319799008 1
0.06424573775644747 3.3529051702398913 -0.22494254178379844 1
0.100543269035606 3.37217878612102 -0.23664192773622 1
0.0889583188765661 3.4 -0.17813659185364 1
0.010713691128555887 3.3819502881358257 -0.24470900405209717 1
0.0492263275828217 3.4 -0.19306040957328 1
0.040805478784501005 3.29146549760701 -0.18752660209258787 1
-0.05338125539974157 3.465613438621196 -0.37720278835761806 1
0.0909189736816434 3.41502707535931 -0.238980094120388 1
0.0657929846266627 3.4657482741744 -0.188035136848856 1
0.0255732107959749 3.43619108603678 -0.197481217666489 1
0.113175743048974 3.44294661882993 -0.164601907449975 1
0.118316072986392 3.46109304286903 -0.217509658514096 1
0.158384860543025 3.44410489763861 -0.190175048268756 1
0.110737706646088 3.49793470580169 -0.166495135256587 1
0.0156240251565444 3.48362399728975 -0.198461202892711 1
0.04467323838916048 3.756590216022734 -0.5897272963801313 1
0.0214700716924899 3.52021198204438 -0.263020341297995 1
0.0432659146854148 3.49081455910768 -0.261188308525908 1
0.0508843753083714 3.50893223696722 -0.29740707516259 1
0.0279061590308458 3.53561345871701 -0.292258101824586 1
-0.00934502994621605 3.53570365638339 -0.27125100166256 1
-0.0262970436364842 3.55681914161268 -0.313823554457738 1
0.00866466662312553 3.55012252714246 -0.310881642427174 1
-0.0552608278789318 3.5358185594312 -0.304095111388913 1
-0.0402400000765023 3.58647766020376 -0.356266576869176 1
-0.0749022201379136 3.54172370746629 -0.343886473213206 1
-0.0971060409439493 3.519872742405 -0.392763625101354 1
-0.0881070611280843 3.53264475874801 -0.368775716988403 1
-0.061056402514164 3.60600177663012 -0.39485270474789 1
-0.0878500254746079 3.58929172662155 -0.419982866285464 1
-0.0873871163062188 3.53211406100726 -0.500336095564138 1
0.00309360283078568 3.59733637613696 -0.371888301805623 1
-0.0984085723918224 3.52966108420536 -0.45129260329184 1
-0.0985170112921877 3.57549770791315 -0.457130544086239 1
-0.04429591136184123 3.6123297448328007 -0.4635779172523045 1
-0.0975811597155821 3.63322961076415 -0.505161483973909 1
-0.0684876043332945 3.6748373784484 -0.471737400647834 1
-0.0876462940899077 3.65482434048682 -0.487422212005965 1
-0.04288506125904052 3.640845141718574 -0.576175561825074 1
-0.010282404013751354 3.689659771432018 -0.5202541281251293 1
-0.0880252738775606 3.71751830942977 -0.550687141288305 1
-0.0340399325888143 3.65279460593743 -0.424223007421665 1
-0.0394972886006581 3.72708083550625 -0.497606737270267 1
-0.0662412863622463 3.74602346050348 -0.540623316160487 1
0.00343085185966468 3.65687449563446 -0.421433195966453 1
-0.00321214915121429 3.70721452078642 -0.467258115466096 1
0.0640859852663122 3.61947708664456 -0.413193732755533 1
0.035723217506707 3.64056069639419 -0.414732280533861 1
0.03353421286443 3.69271829450206 -0.461269932263245 1
0.0611081204839376 3.671700241122 -0.460350686338607 1
0.0727449627620327 3.56420547920294 -0.56205057968755 1
0.0160686007146955 3.58055574697247 -0.620167672161393 1
0.0913329443733166 3.57603541292413 -0.531586611741177 1
0.22332113244444082 2.987284984723727 -0.0017199791035609614 1
0.0835976682010584 3.62932596386174 -0.449448803901325 1
-0.0711217544325597 3.57747858602598 -0.577366357133537 1
0.0990850940818065 3.58916408810083 -0.498842461182512 1
0.0912562383054837 3.62880809231032 -0.584242911112695 1
0.016804477018903207 3.6661154952943344 -0.6196908169877066 1
-0.0478315838339405 3.6137500678446 -0.637798930708161 1
0.0952899540845766 3.63768081851244 -0.497958206486519 1
-0.0984334959643061 3.60889335074487 -0.531555855731722 1
-0.0876639969057156 3.58835584115773 -0.554159031178903 1
0.0363563393828061 3.661073837646658 -0.5579672068718219 1
0.05062849578650097 3.6610144191144744 -0.5059979776725064 1
0.0988357747886144 3.64411698395124 -0.547506213686301 1
0.0831721181337788 3.70139975823974 -0.522249203063769 1
0.0574172135348189 3.71658856235712 -0.501845285178573 1
0.0267899965115462 3.74329294920045 -0.507933266392135 1
0.0362929852593747 3.724045739107293 -0.5621902373392335 1
0.0603367953539656 3.77812513783594 -0.56549779901573 1
-0.0109733718544994 3.78484431294559 -0.544314229916235 1
0.026226873479171 3.79696817968481 -0.561561140099578 1
0.0958769161792491 3.68505549762558 -0.550165732937739 1
0.0274806280558566 3.7230062301131186 -0.6259290619022183 1
0.06566000408445143 3.680900683511472 -0.597983351874011 1
0.0968967212303765 3.73826111503874 -0.605134317917739 1
-0.03231171518728817 3.70068114816982 -0.5736544611526075 1
0.0839225880766909 3.75922530944952 -0.583457730437997 1
0.0989929178723785 3.68737166505338 -0.591490439986275 1
0.0975226326380057 3.71380228384867 -0.64470436737459 1
0.03919751052111374 3.7830563395818864 -0.6290352535803037 1
0.0988150568603187 3.77256651780019 -0.68254320948203 1
0.0861595752234311 3.8126851035556 -0.640649942714168 1
0.0971524276071104 3.78706767010983 -0.657191832556436 1
0.0744350945290502 3.65972888643501 -0.653357892604606 1
0.0447294022751695 3.62159382032507 -0.648095009367134 1
0.007061884027222702 3.692296257141498 -0.6752500410369028 1
0.0462446714778457 3.68063514186694 -0.704833262365044 1
0.04839209632965317 3.7373209991628946 -0.6877624392341235 1
0.0677110814404669 3.71436855526459 -0.716615203113093 1
0.0899832950210588 3.74894705940086 -0.707785121548271 1
-0.0185364330024259 3.63853684370502 -0.67748382879545 1
0.0127513702097082 3.63080636619632 -0.670184061681869 1
0.0116526435239259 3.68194370526811 -0.721978673670173 1
-0.0468673160031555 3.67810206200439 -0.702676217710882 1
-0.0250845746679614 3.71002218850612 -0.746615642623652 1
-0.0002984384726985703 3.7562424681222653 -0.6767205042449398 1
-0.039295889465163276 3.745588721222725 -0.6467464175224898 1
-0.0743466736338171 3.69095925531603 -0.685517450077022 1
-0.011517187223434658 3.773431302410688 -0.7273106768407411 1
0.040630523639499 3.73241308200843 -0.760892488962579 1
0.00724790204093739 3.74653426388677 -0.786819356065153 1
0.067782477916935 3.75151416533796 -0.752735545631199 1
0.029287538600732917 3.79265024619593 -0.7736360189128191 1
0.037187138467531 3.78374528892278 -0.813762877654214 1
0.0658342642420821 3.79168748845307 -0.796365919733364 1
0.04643235288763009 3.81605832197675 -0.6847060193598248 1
0.05892101005734645 3.7891473801510176 -0.729928662855452 1
0.0838667420902638 3.77851342740541 -0.751916229629511 1
0.0965781211292511 3.80272110033926 -0.733815176539385 1
-0.0346798654899982 3.842178317041936 -0.7051016735464714 1
0.0981112404275058 3.83253060900349 -0.707388544337126 1
-0.0051379082509400206 3.920513829302529 0.8126298464537626 1
0.0986272644378596 3.86453947576302 -0.779127592146976 1
0.0870356602537741 3.81090427699583 -0.775533524548115 1
-0.0581365889176048 3.74602068087366 -0.761421936797128 1
-0.0939816666843439 3.72605803994179 -0.671656995182059 1
-0.0250805579400695 3.76793493112653 -0.804252069046635 1
-0.019720329110301048 3.807403407910763 -0.6568767118447725 1
-0.0835243444759651 3.76272441509094 -0.739485297341369 1
-0.0985911364121598 3.79265425548368 -0.6838079310371 1
-0.048360494166266185 3.811046464685273 -0.7547922832246186 1
-0.0941775748707944 3.77404000549251 -0.716017222304875 1
-0.0803518386877912 3.8118384643924 -0.794549350258969 1
-0.0568347599218391 3.80996605193291 -0.8256134933328 1
-0.026057806758735626 3.8608342346030584 -0.8282198143582781 1
-0.0947144781494105 3.81430501892103 -0.754759339636426 1
-0.094204976738925 3.86386953935744 -0.807532068820271 1
-0.06261156238195348 3.91968842243428 -0.7843865596202032 1
-0.0988428238035532 3.86876114489674 -0.772117956897686 1
0.0394782764042179 3.85633714124794 -0.626227831580343 1
0.00545339840504479 3.85099614667642 -0.610367257788064 1
-0.0321227095512674 3.86494475601855 -0.631079951364163 1
-0.0887964900990866 3.8629703465771 -0.698251918598415 1
0.0697263942643172 3.88607817213797 -0.68435516080789 1
-0.0639041691185318 3.86747104143729 -0.660687340820733 1
0.0137194799845408 3.93245064682999 -0.692286784791167 1
-0.0978790104133575 3.84358810003716 -0.728530630569632 1
0.0456917727134431 3.90956383488131 -0.68456274998067 1
-0.0598748124757471 3.92853137284826 -0.716471542028408 1
-0.0253022701307731 3.93327684829233 -0.697616239428962 1
-0.095126388626617 3.90081548819222 -0.761483387420566 1
-0.0849884075688381 3.91264902632519 -0.740244602275796 1
-0.0819690787724952 3.96269135218077 -0.782845160373195 1
-0.06181281086253943 3.9779028421956957 0.914693338115043 1
-0.0214714575211646 3.98837901417038 -0.750592098511229 1
0.053888986028304 3.96366063869255 -0.744207599524299 1
-0.0823187962422818 3.86534310738433 -0.844132958870138 1
0.03629219845214737 3.9202455836893124 -0.8793539217747413 1
0.0235302981703865 4.0222976170327 -0.784919545019072 1
-0.0992673033806551 3.91292163902353 -0.809509020755788 1
0.044498946592811 3.9742703495672913 -0.8301562148045504 1
-0.0974572347014674 3.92824609944024 -0.856553872710297 1
-0.0578283255636668 3.98715015745052 -0.773611785161775 1
-0.030828197241027228 3.998196786929786 -0.8561620588964691 1
-0.0945422891728691 3.93734232598935 -0.795642107075158 1
-0.0980511248691077 3.9739959681845 -0.845371505254346 1
-0.00230708673710658 4.06791009774676 -0.825945533395059 1
-0.019116494169293362 3.963110356192541 -0.925873917307582 1
0.03040551827156357 3.9937825736515933 -0.9375846561654994 1
-0.0604006699799327 4.05351172032788 -0.840483276688702 1
0.0307650784766142 4.1102685342372 -0.872990256374675 1
-0.0306404131979757 4.05952923603732 -0.825397867239607 1
0.0584019541082911 4.04633002983462 -0.83092558735995 1
-0.06486541536458058 3.966278347084106 -0.8998771260226408 1
-0.0991519262302783 4.00618020236967 -0.930467203123271 1
-0.0831820887574611 4.0158600487546 -0.838395796009738 1
-0.0993113377589315 4.03341344513761 -0.911434296960561 1
-0.0902705844537898 4.06281218363746 -0.897297518302464 1
-0.0701353045955942 4.12466098989863 -0.917943054437345 1
-0.101639100292347 4.08607620600557 -0.963466480772918 1
-0.03958125250315068 4.1227558247922085 -0.9449159104234811 1
-0.0911935932505231 4.13715717415915 -0.969200892806521 1
-0.00307169237696442 4.11680148461014 -0.874357016360458 1
-0.0347140347272505 4.11639516559243 -0.881564159413432 1
-0.005009075354752905 4.0560730677487395 -0.9576671319003317 1
-0.06646405732637474 4.068581545051123 -0.946033915771718 1
-0.00883834007015204 4.16424091488992 -0.920758526369945 1
0.016437061172117275 4.121410082777446 -0.9448667397540665 1
-0.0423692727038894 4.17970573684257 -0.949191016012718 1
-0.003744268522843014 4.1854782827900605 -0.990831399289243 1
-0.045255802334666057 4.10464515143682 -0.9961573503342931 1
-0.0695215602558596 4.17195958832388 -0.968211945088901 1
0.17091665636794645 3.5479776459330292 0.13930671334900174 1
-0.053330940547394234 4.152179183463551 -1.0359239200646144 1
0.02741828500235609 4.0537287803630395 -1.0153282875023484 1
-0.100723925549954 4.05929495468573 -0.979223249854829 1
-0.0933080254162822 4.03270218660528 -0.989369697339454 1
-0.050292525797749045 4.052798877750199 -1.0172583083557991 1
-0.101628931960834 4.0938444941568 -1.01837439636005 1
-0.0998312518308579 4.1432548433583 -1.01575707793027 1
-0.0852566944225605 4.17758182207429 -1.01109255404888 1
-0.0982899651370297 4.13199699110773 -1.04730244687065 1
-0.0922744961351388 4.16884086248701 -1.04830684902782 1
-0.055414388458675405 4.0987209669867815 -1.0668564196183423 1
-0.0879716593257373 4.05642526691268 -1.02955965202077 1
-0.0910027833372126 4.09453478829486 -1.05576186956795 1
-0.0921022600093124 4.12611134732672 -1.06972428525877 1
-0.0902812078948564 4.1519051013907 -1.07007896310269 1
-0.0823155213653477 4.11105662142223 -1.08326035034129 1
-0.0826238852726628 4.13612223563243 -1.08666975429559 1
-0.0740487983867769 4.15077249674891 -1.07904143644377 1
-0.0649352738144039 4.16968732815599 -1.06273470097015 1
-0.0543609177940052 4.14109629782053 -1.09271486183301 1
-0.0466520035021324 4.1932992567637 -1.03813205056023 1
-0.0292688448813045 4.16872440111735 -1.06627107350078 1
-0.0776900921909075 4.18814015189448 -1.0360188038082 1
-0.0590325862558608 4.19550128539297 -0.987929056520348 1
-0.0641471007949384 4.20328274367633 -1.01611163363462 1
-0.00331258544458033 4.20457279602082 -1.02679753352013 1
-0.030745331936943 4.220268852956 -0.998937276511708 1
-0.0112589095440358 4.20291555024149 -0.962778669393839 1
0.00868068381760991 4.23579130220369 -0.995579252838398 1
0.044659794005697064 3.896576829524855 -0.7873457858001146 1
-0.15699669875708652 3.3285903441273157 -0.15581542764501902 1
0.010568996404484 4.17512023088954 -1.05625030204853 1
0.00024016076629132852 4.09473499839153 -1.0663653425880872 1
0.00849287146130129 4.15480232356471 -1.07656827356435 1
-0.0219693014008341 4.14287747638049 -1.09011060005976 1
0.061178134290400435 4.131378376923896 -1.0515914170056009 1
-0.008210932288372849 3.935015714642381 -0.7578262335112035 1
-0.0212460305329938 4.05339293456317 -1.09263631457392 1
-0.0562728583430933 4.06887868007728 -1.08537214935891 1
0.00493831951730017 4.12799894480441 -1.10337173167637 1
0.0677829274704906 4.098407810769981 -0.9910478723837627 1
0.0605002264085594 3.9094032743976266 0.8702235344189067 1
0.009790967212143037 3.5279884356119284 -0.41704284205659903 1
0.0507222076895139 4.17777136558398 -1.05359941952263 1
0.0382219743364964 4.14369983925771 -1.08767099457426 1
0.0406719873051145 4.15986474745864 -1.07150604051787 1
0.0686613427201346 4.15807510364916 -1.07329587402577 1
0.0636949766299243 4.14331689976032 -1.08805408909574 1
0.0410212553890613 4.20162608559404 -1.02974454484902 1
0.0889106463942463 4.19728857273954 -1.03396912939939 1
0.0990566763529031 4.17061758736143 -1.05706979300635 1
0.0715156839659689 4.1898243943171 -0.988687572836469 1
0.038268 4.22996760203368 -0.999311602033681 1
0.0654791861102574 4.21872106779374 -1.01264927744935 1
0.016221775002576 4.19065177272445 -0.947731236510045 1
0.0471254875563759 4.17107339630869 -0.944064028218265 1
0.06103099807728823 4.053729162803384 -0.9480653111869679 1
0.0713304686659314 4.11946209160941 -0.919345452991431 1
0.0710050237208422 4.15894494695708 -0.958375321283145 1
0.0883791386421995 4.13941647275 -0.974349025099714 1
0.0919262919189467 4.16645688707824 -1.01111622772769 1
0.0982016103769294 4.10601001504258 -0.989196072124781 1
0.0988863050927271 4.14105130661883 -1.02505657501192 1
0.0981359851227758 4.10622261347249 -1.03299429592805 1
0.0880072585110177 4.05146744826528 -0.886351599072722 1
0.0924538206248876 4.09546709129633 -0.944602848164228 1
0.00881382539461236 3.401965538988564 0.2986001007718088 1
0.0979491551549714 4.07628428299789 -0.965952449453118 1
0.0953307335846991 4.05102016378786 -0.986882505550779 1
0.082518092213479 4.05917779509902 -1.03578125361453 1
0.0835401976368622 4.09733673745154 -1.07486637017424 1
0.0966971338844949 4.12588390343294 -1.05991552096886 1
0.0601443056170129 4.06495329483274 -1.07559686732393 1
0.0788194251637162 4.01549567999297 -0.999232359980553 1
0.0547285073684261 4.02569651759596 -1.04145488932625 1
0.0253914739121992 4.03442319015694 -1.07070212375369 1
0.0373558985542268 4.07436948263137 -1.10541769670673 1
0.0623634518782606 4.09089645070514 -1.1005842172516 1
0.04237784652130006 3.9998746480727663 -0.9818875847420362 1
0.0522802918292072 3.98163227357083 -1.00094982519707 1
0.0262783589128272 3.99372740974623 -1.0302109738983 1
-0.016500811251981 4.00157767120571 -1.04271404501149 1
0.00818825458029268 4.06604525149531 -1.10640309648621 1
-0.0528794838368404 4.01288913146079 -1.03457895746531 1
-0.0463855279414917 4.03892011417898 -1.06610134841161 1
-0.0725552819508543 4.05329384902804 -1.05593609589439 1
-0.0753820941996383 4.08529137123626 -1.07680082794583 1
-0.0427229110225442 4.0838751662731 -1.1079477371436 1
-0.0648793974088951 4.096236094703 -1.09728955729556 1
-0.0751304142730304 4.01800203203143 -1.01402655479083 1
-0.0802407344963154 3.97073743404063 -0.954468180695846 1
-0.0516389902406239 3.96134863734301 -0.982963212908476 1
-0.0183582176072121 3.94396546128334 -0.983017681202072 1
0.0109023142385234 3.95927070686967 -0.999200018592993 1
-0.0591639252421776 3.90790588721502 -0.920506705691547 1
-0.0317739894115433 3.91132492696435 -0.944431474727626 1
0.0997126786669621 3.96779167217773 -0.868709013098701 1
0.0941603084208609 3.94220094330181 -0.887825348410877 1
0.0815108063878042 3.91964791377072 -0.9007283514482 1
0.0960421986898529 4.00485287163926 -0.940460491782597 1
0.0983512977435214 4.01375973855813 -0.900004470695623 1
0.00226656807760624 3.90165501554131 -0.942806067246802 1
0.0345410749568173 3.93451116514327 -0.966219176583038 1
0.0621556045295601 3.92261008630127 -0.932346032230472 1
0.0799717876281809 3.97075624541369 -0.954441019701761 1
0.0580626342336074 3.95327670989459 -0.966857901250021 1
-0.0839438658339088 3.91864362891563 -0.893514425992691 1
-0.0231831624096459 3.86835695928204 -0.904854147358443 1
-0.0586385945805746 3.86290865015858 -0.875794110625 1
0.0420025763579993 3.83091090940054 -0.858094140790418 1
-0.0276248184705449 3.82770148285638 -0.862353140371584 1
0.00634167559561747 3.84923666677208 -0.889257926570699 1
0.0980364757743945 3.91558923330566 -0.838423867984067 1
0.0977161807165881 3.94119406640875 -0.813111869141042 1
0.064515794268554 3.87133128469355 -0.877923981707509 1
0.0877313395811889 3.88117513609995 -0.846984570202295 1
0.0364847769829895 3.88015901911266 -0.911066919638952 1
0.00853837617956809 3.79977822358456 -0.839443229125547 1
0.0685543094040988 3.83454391311613 -0.83503506253609 1
0.0888312021237485 3.8734235097155 -0.710043914504006 1
0.0955536817184469 3.89837424461465 -0.761350693163623 1
0.082016335260638 3.93852044539506 -0.758828889832093 1
0.0858283668951331 3.84124759193669 -0.809159699287912 1
0.0804878347534282 3.99802993494603 -0.81523769281269 1
0.0947720754666022 3.99420193464539 -0.852780837947916 1
0.0982104392052981 4.05251926673496 -0.938832521102304 1
0.0656572115942062 3.83381373846741 -0.627949717616397 1
-0.0458035531100335 3.78640150038753 -0.561218473402922 1
-0.0710985887612468 3.80698792597628 -0.607443927039884 1
-0.091059491938933 3.78824458029 -0.632398033641935 1
-0.0982517238232017 3.68805459766771 -0.568975390134163 1
-0.0981079516491482 3.68339227393506 -0.604961755852154 1
-0.0985673884441134 3.7397003798631 -0.624842164904562 1
-0.0716648707982685 3.63088494445944 -0.629033112486996 1
-0.0883755200658583 3.64223882280268 -0.607216382648146 1
-0.0256133618444669 4.11871534271864 -1.11417925566058 1
-0.0708528761786804 4.12027180562094 -1.10054243262308 1
-0.0518007018172601 4.10945020866681 -1.11440559462325 1
-0.0162186559595085 4.07897391276653 -1.1161175747904 1
0.0130166080812288 4.0958817389606 -1.1354892610394 1
-0.0266995672779422 4.09813302937885 -1.12492971655267 1
0.0478474697898712 4.12462813781324 -1.10674278879 1
0.0481770183956575 4.10410247025367 -1.12726852974633 1
0.0729686616065185 4.11711333913757 -1.1132228847435 1
0.0845455174778458 4.13139651102296 -1.09780675896974 1
0.0968650798472354 4.14849336036909 -1.08174213400135 1
0.0685350881400801 3.47803181299478 -0.293352195025486 1
0.0852017154879083 3.47918810802498 -0.319433022207386 1
0.0875760600243208 3.43840426269454 -0.284111915312383 1
0.0696530271078859 3.44835238512084 -0.250199309584 1
0.0974339726807193 3.4107261753339 -0.311673684126698 1
0.0946265162472763 3.45541076739083 -0.325091637908362 1
0.0880011807549259 3.35581607182768 -0.316910325729857 1
0.03822508775163692 3.3268900423253216 -0.2860612853077632 1
0.0983411170688843 3.35691907581396 -0.273135341149956 1
0.0962858076849854 3.39738537191331 -0.26597797619861 1
0.0919370149934299 3.31600256595162 -0.271298222524206 1
0.0650571035035505 3.28436625178623 -0.292792236447943 1
0.034017119878309666 3.485453457183554 -0.44230882106339714 1
-0.0529601532672368 3.34174777885055 -0.36297539288941 1
-0.0502450878603999 3.29315999700722 -0.31605918166624 1
-0.0764373865522733 3.31490653333156 -0.303683582631052 1
-0.0724966769078514 3.27479373781269 -0.274030577089273 1
-0.0440532437406617 3.25475622916582 -0.283675474566949 1
-0.0773552108575195 3.23893722482193 -0.24186598333637 1
-0.0105321473234053 3.25795486353776 -0.300694114474118 1
0.0327772553221519 3.26451438221077 -0.300488819059089 1
0.0934509256187236 3.41183422148842 -0.352650796828016 1
0.0980959048726704 3.44786711600745 -0.351448450685837 1
0.0983346886006914 2.85 -0.173124761294561 1
-0.0311060110268278 4.1944081833974 0.960613433118258 1
-0.05269409135737566 3.568180290573244 -0.5005738676535049 1
-0.032888733236055935 3.5926963610562117 -0.5619687836039066 1
-0.007368630053436412 4.02304861753748 -0.9014713923586909 1
0.02486088533991489 4.062776010154519 -0.8993963157779071 1
0.04773989784578691 2.9795328555372285 -0.22153521367989878 1
-0.03977341909501121 3.5070762751585827 -0.4396499914924452 1
-0.12685803078378843 2.9170378996361994 -0.18466658981465456 1
-0.030475286023149386 2.908391637320232 -0.21872364946363912 1
-0.18415662737122498 2.8989722639619777 -0.12242480951940515 1
0.028873301294025086 3.404640076218293 -0.35906059442166255 1
0.11714543437575368 2.9017233690485416 0.1855076474781849 1
-0.048942461907759936 4.0170079328355 -0.9519179818240239 1
0.052098300721768846 3.605690251207476 -0.5305990737671512 1
0.0059039013835109995 3.5550086294222174 -0.5359017181198151 1
0.04426840765851461 3.932973819700259 -0.8051984280717467 1
-0.0470018090015369 3.2360547366218873 0.004494554116649693 1
0.03446935221425321 3.6155096874647334 -0.46278188846850393 1
-0.12520211338656637 3.034819899759576 -0.18493673733280783 1
-0.18108461304728438 3.60166217750877 -0.12618571608434653 1
0.06101241887565072 3.8465254866445653 -0.7390358397290278 1
0.05381609024965378 4.011091501277281 -0.8791940026351367 1
0.036443666531674 3.8957478637639085 -0.7301684869886527 1
0.05193478160342857 3.7642065372948426 0.6203988352252536 1
0.13180948648047236 2.989166322693749 0.1795516638264867 1
0.06702738854048138 3.6649324185783416 0.5702314125150948 1
-0.011643797088560852 3.750012357969258 -0.5855879448593562 1
-0.01091358306560333 3.6578009570414682 -0.47332099651403925 1
0.013182465282998244 3.414551087962075 -0.41124668957948796 1
0.021093548190937228 3.8292749765307392 -0.6480227219825979 1
0.07028357985982042 3.982093615920647 0.8844583845884733 1
-0.06016452398710711 3.820113479694845 -0.6812613764466757 1
0.04542894260231982 3.455558943001365 0.40956534781386866 1
0.05659302299545362 2.9196981534612823 -0.21744361807778378 1
-0.006156614595292112 2.9216472458131255 -0.22758157841363497 1
0.01678208722112864 3.861550832705727 -0.6818292741239894 1
-0.06426000492051388 3.5608217930410895 -0.4449261258237179 1
-0.06534857278590059 3.326973248381033 0.021962533682327146 1
0.06560390148792714 3.593472269411652 0.5256094926337038 1
-0.20182994811994995 3.688146391084011 -0.08452871696332685 1
-0.011220612177950335 3.5235566199019326 0.5076319406156131 1
0.15558387039896152 2.997721222102215 -0.1613189039106832 1
-0.002842532790583643 3.3792291500409286 -0.3640495178273669 1
-0.07736903107563936 3.627196071995618 0.2046028664580527 1
0.022048798562451708 3.2542468478896223 -0.1779831251856428 1
-0.02385808828419943 3.3548909042573656 0.05966771501326795 1
-0.22301310249950484 3.041198771531429 -4.6420089347389004e-05 1
-0.009560683089577273 3.3370984898895486 -0.0012188814844239202 1
0.20075608970179146 3.714438153546732 0.09536654830192122 1
-0.004977033721027647 3.9316674374026728 -0.820354614174764 1
0.2255982208468756 3.611016790552746 -0.021006576306940417 1
-0.20776386625684864 3.6043466909682786 -0.08860411437592147 1
0.04689652157164933 3.249253095691893 -0.015819485752797156 1
-0.009876043764167204 3.5916591316064177 0.6027461680426566 1
0.029355721140754232 3.573555489025319 -0.40512196272436113 1
-0.2182905008413808 3.594148119795917 -0.05023631278212262 1
-0.0510032675670005 3.6338640738988683 -0.5119964115052632 1
-0.08454563377574248 3.1106827178654886 0.2049654326798368 1
-0.035914691243081526 3.8751229849411946 -0.7665253421966028 1
0.21499711364656082 2.9699135840488844 0.04973218316796746 1
-0.06377322041611203 3.7805005335225466 -0.689944621917321 1
0.025758437306794415 2.9168758006655158 -0.22238417531017776 1
0.18597146161819628 3.6790072055758967 0.12401203974952162 1
-0.21400079667074512 2.898633038328149 0.02183224216651154 1
0.03324210458181876 3.921655462698082 0.8427012225867375 1
-0.22183738620848212 3.623107659328634 0.0260962721644713 1
0.03965002607799571 3.8268867881664996 0.66645959008505 1
-0.0157676625225932 3.7358551949670415 -0.5360588308602396 1
0.06624283586887234 2.9893336482779187 0.21118168050630898 1
-0.0020480043096281274 3.6163128166554013 -0.6144576278260572 1
0.05472858486736073 3.9620147702140445 -0.9108993812956142 1
0.03161045980098899 3.882324765221954 -0.8503271220391813 1
-0.14702023273034504 2.9840654419266084 -0.17195630735824372 1
-0.07586505207134137 2.907020427717066 -0.20889135543007384 1
-0.21027176810819453 2.923151899359622 -0.07886946659293927 1
0.02336685775581622 3.486509948185605 0.477305847273684 1
0.1447133086017485 3.077832833672225 -0.1657504574146538 1
-0.030402765020336675 3.989330911916258 -0.8100392487727007 1
0.05150387442793562 3.8750441960968702 0.734021203982309 1
-0.006875375110525493 3.9811717998895597 0.9249190700831683 1
-0.06482284650813362 3.9282363095031574 -0.8238894776084064 1
0.0031141867095101855 3.2822692383974905 -0.04454759998535819 1
-0.22596952948180313 3.6685134333300056 -0.0065552903302838065 1
0.06898013624132643 2.8939277319884678 0.21007279680371382 1
0.06323252336392758 3.7289350518874422 0.5725164149202571 1
-0.01517365154059872 2.9516237632616247 0.21971742353719573 1
0.006857179529810041 3.863459901204569 0.8512356116689684 1
0.19696982866755003 2.910166743446006 0.1014136011894857 1
0.011995333099722356 3.9761192949013577 -0.8781170117880976 1
0.09527269887599246 3.0587688095822183 -0.20105565545109355 1
0.011223478050951747 4.132493026803342 0.9448721655075081 1
-0.020202876427997816 3.792565915747824 -0.6025194915494546 1
0.06365321874810102 3.6431137548164485 0.5147677174829379 1
0.01180764302793723 3.923368557610513 -0.9310485223514294 1
0.0387526824249505 3.6358255523863883 0.21846226070973618 1
-0.004055911769411323 3.4632863330776886 0.45527353715677144 1
-0.05741573510779479 3.5372395230763676 0.4478976607338388 1
-0.22111758422648187 3.104155658073857 -0.05044757959183695 1
0.023056576280573046 3.3645179700853665 0.03950437585893028 1
0.15766002537225454 2.901064754967057 -0.15628823392501107 1
-0.18735450221678931 3.680809665287079 -0.12067352786678678 1
-0.02969702687193256 3.4293227977474294 -0.41966122925200944 1
0.021060148783832534 3.529444201365545 -0.34923570604501175 1
0.05179672252726101 3.83460273434812 0.7656941022687566 1
0.006136680977796806 3.576843917432221 -0.4896134622711462 1
-0.08273690944071903 3.693015775276779 -0.20686119945382128 1
-0.036462774229773114 3.0047284086848456 -0.22426747436322597 1
-0.008658750182920552 3.4887019830326156 -0.4937815914193641 1
-0.01614039881267774 3.2467813563629733 -0.09645045633433155 1
0.21621825602425826 2.958743106518666 -0.06125122000817652 1
0.1328278659528635 3.2745692492488168 -0.17765929645942477 1
0.05000224272788883 3.5533436550538884 -0.5048754974229852 1
-0.06950897657657737 3.246746243381207 0.05297647478453878 1
0.18831635309528666 3.5198561211642025 0.1284021886625266 1
-0.011565521584930086 4.047024650186647 -1.0529749421816397 1
0.16390109698550973 2.9821340455066405 0.15658900008101406 1
0.060429004712703786 3.364810981987115 -0.061786520870799215 1
0.16767773655590454 2.8999991004624976 0.14546274718725802 1
0.012666835983721078 3.4738519753874506 -0.3342844154613791 1
-0.04426087493614572 3.73538851868792 -0.7043896882506537 1
0.0632062419188475 4.016251070157226 0.9245462439897467 1
-0.026448691088733937 3.781821117848897 0.5995942544666509 1
-0.07300137591165451 3.249669763931407 0.1542586704050148 1
-0.025462644335030527 3.6372067685226646 0.22031509252228484 1
-0.0030038009060694743 3.3022815869773177 -0.30771160044101226 1
0.025721771745337112 3.9888533643944646 0.8170412824962945 1
-0.026551371560775746 3.8847168935169094 -0.7098628420931091 1
-0.0020096945190128434 3.4109918776924926 -0.3051978007275173 1
0.16427948069706566 3.0901529664505207 -0.15432276573767867 1
-0.2105559077099281 2.9843490082453736 -0.08187882240735804 1
-0.12618002609230994 3.615988619699048 0.18587475875228737 1
-0.04868888658953793 3.5710713623659465 0.49512998271070596 1
-0.07332691638727028 3.620955986804943 0.4864627820501973 1
0.1600564154582357 3.5681188427336363 0.16388732955902025 1
0.06788285337462267 3.7446585961427155 -0.6457367981181386 1
0.13294016381021304 3.576052780279082 0.1757495261622869 1
0.11724815026071052 3.634319218770375 0.19486102307887387 1
-0.061835386068999194 3.740719206558972 -0.5946255909098275 1
0.0709952033307165 3.58334779192882 -0.4394429880502557 1
-0.15955517844181147 3.620439013762684 -0.1608232965019676 1
0.014611503282125913 3.244225658873273 0.11563595778441518 1
-0.017572073816710356 3.9165837742447245 -0.9108185801056089 1
-0.008328989589104222 3.572965701357262 0.5642934940541796 1
-0.010074989087568438 3.601016072799612 0.5042644606747289 1
0.017268921265203945 3.972138028009069 0.9709975609620994 1
-0.18828630164257718 3.5594732489326315 0.12108877362033323 1
0.21343688345768844 3.7059548432647977 0.06500682354345474 1
-0.19176795974707464 2.8926621943778223 0.10400854649318107 1
0.20078541935231803 3.0474901438237194 -0.09962065016812502 1
0.21471239402712516 3.5889832540924793 -0.057901023206053025 1
0.021411173707836424 4.089526276827425 -0.9800962030201195 1
-0.12861023914349728 3.7127294442629406 0.1799930655764522 1
-0.00756813921884301 3.379189799671211 -0.043930229781472964 1
0.03222466239319509 3.5861113736886816 -0.5921080953327561 1
-0.20878573785289228 3.518952396358809 -0.08967910316697865 1
0.19107991043175107 3.56142901273113 0.10820147973022558 1
-0.07111932165921232 3.574792500251469 0.4623198824145356 1
-0.13584914308493298 3.7067171779955763 -0.17488507615383767 1
-0.17377177113166667 3.241459361149206 0.1371974334325885 1
-0.17652693101577435 2.9571479267405762 0.1395077502663185 1
-0.07503800094105689 3.784197752461374 0.7092354049346055 1
-0.06388119012047241 4.026526483974637 0.9709399549710165 1
0.04996562514432061 3.691034060697381 -0.5315596084898794 1
-0.16032727774449046 3.6989226298687528 0.1565801328174945 1
0.11109624329219463 2.97956022067843 -0.19054773737787697 1
0.005378215075395315 3.4850719827227183 0.3793465758084262 1
-0.054894850723582626 4.07519865380707 0.9756229220332291 1
0.1667029550389341 3.068697844466251 0.1560853628786946 1
0.005278758449109066 3.729996708331583 0.5436444607878551 1
-0.21981279692756364 3.473694846856638 -0.038795255177525134 1
-0.04376714446440267 3.663091399167294 0.553394004362602 1
-0.0842462291343549 3.6187398468894023 -0.2115565441253041 1
0.20961903225805037 3.115950754008938 0.07420596467930377 1
-0.022441562180878113 3.7501640602608037 0.582153574493285 1
-0.009666236296311822 3.615284995596748 -0.419592572957542 1
0.19676344566126713 3.5950886301090703 -0.10736205603325759 1
-0.1195422471596452 3.088901841742147 0.18763221137008224 1
0.21978010420500574 3.516595959767641 -0.03501479791565979 1
0.07037882236743116 3.3624200952611187 0.10179013274596434 1
0.060923819804349875 3.7166156554590226 0.6093459394273852 1
-0.03071944002328631 3.8526650675358165 0.8160548434311033 1
0.028641416643264837 3.4444416392768873 -0.43668605816883027 1
-0.037466466340694955 3.362883182813517 -0.02738125466132203 1
-0.15545141802900972 3.022847504708654 0.1665040978364193 1
0.19371134204299134 3.525036309236122 0.08687142276261284 1
-0.16207885314379358 2.9422002358714483 0.1581391723328815 1
0.0010812241256219163 3.8099727329292046 0.7125832577532881 1
0.008798674286389313 3.9046204994282565 0.7703597100335133 1
0.050583264112112176 3.222836923592847 0.021514075252671988 1
Tetrahedra
7593
143 170 2031 166 1
1928 1571 1570 1566 1
1705 1703 1714 284 1
476 481 484 1421 1
1566 1571 1570 1572 1
260 871 872 869 1
1969 1758 1683 1691 1
869 864 865 260 1
1942 1196 1197 1195 1
865 260 872 869 1
1191 1942 1197 1195 1
181 1282 174 1997 1
1996 2003 1905 1909 1
671 674 2055 669 1
670 2055 676 675 1
1884 1530 77 1527 1
1574 1571 1566 1572 1
169 148 2031 150 1
2030 1597 24 1593 1
1583 2030 1909 1591 1
594 587 592 590 1
1583 21 1946 20 1
8 1909 2030 1593 1
1884 1530 1527 1528 1
1691 1969 1698 1683 1
153 152 1943 1947 1
2008 1279 1275 218 1
34 1902 39 37 1
15 1890 29 22 1
116 139 146 2046 1
1284 2000 1419 1285 1
490 515 831 2034 1
520 512 2024 1103 1
1894 1442 1961 851 1
1626 1420 1634 1637 1
25 20 24 2 1
1020 1003 1004 2053 1
8 2030 27 1593 1
29 27 23 1880 1
2 22 29 25 1
490 1932 515 2034 1
1721 611 2047 2005 1
12 1442 1894 851 1
2 25 27 24 1
29 2 25 27 1
629 611 496 2005 1
21 1946 1994 1568 1
314 1903 1341 327 1
1812 1904 1703 1702 1
1903 324 1341 327 1
2040 1381 1379 1362 1
1606 1600 1610 2054 1
1814 1985 1817 1823 1
1207 1201 1208 1206 1
499 500 1277 511 1
619 622 611 2047 1
165 159 772 160 1
1897 1508 1511 259 1
511 519 1277 499 1
1433 1457 1461 1438 1
1882 1883 42 53 1
34 35 40 38 1
34 39 38 41 1
34 40 41 38 1
1883 55 42 53 1
43 30 42 1934 1
313 1916 311 314 1
38 42 1934 43 1
439 415 430 2050 1
43 38 40 35 1
31 32 30 42 1
31 49 50 1543 1
2058 930 910 1007 1
2035 501 521 523 1
42 31 32 46 1
51 56 52 61 1
2035 515 2023 523 1
412 2050 426 430 1
49 44 1543 46 1
44 1543 58 50 1
1995 857 862 260 1
857 260 865 862 1
42 49 31 46 1
1543 49 50 44 1
1543 51 58 50 1
31 42 51 50 1
31 42 50 49 1
2019 1540 979 62 1
70 71 69 94 1
260 864 865 862 1
55 49 42 46 1
42 55 46 53 1
2080 1121 248 249 1
56 42 51 52 1
56 50 51 42 1
42 55 50 49 1
57 74 77 69 1
57 54 55 42 1
52 57 56 42 1
42 57 56 50 1
57 42 55 50 1
58 59 50 51 1
59 51 56 50 1
60 59 58 51 1
59 51 60 61 1
56 59 61 51 1
45 58 51 60 1
1995 260 862 864 1
1569 886 1898 433 1
2024 520 2023 1277 1
45 51 65 60 1
886 1543 1898 433 1
1041 1682 1042 1043 1
68 65 51 60 1
119 129 121 112 1
52 79 75 69 1
62 51 68 67 1
68 67 51 65 1
68 60 51 61 1
52 56 69 70 1
851 1905 12 1442 1
52 70 69 75 1
62 70 68 61 1
12 1894 1575 851 1
57 52 56 69 1
56 69 70 71 1
56 57 69 71 1
61 70 52 62 1
73 54 55 57 1
54 52 57 69 1
112 103 105 107 1
1600 12 1575 851 1
57 74 69 71 1
70 52 62 75 1
69 76 54 52 1
196 79 75 52 1
69 76 77 54 1
94 71 69 78 1
94 69 75 78 1
76 79 52 69 1
643 606 605 609 1
102 100 80 203 1
69 78 80 75 1
69 80 79 75 1
1540 38 54 2019 1
74 80 77 69 1
81 94 78 71 1
81 78 82 71 1
38 1540 1875 979 1
83 81 78 82 1
578 2043 2055 579 1
85 83 78 82 1
80 74 86 82 1
82 85 80 78 1
85 87 83 82 1
80 86 88 82 1
82 88 80 85 1
85 82 88 87 1
105 103 85 101 1
121 125 117 112 1
2047 620 612 623 1
2047 619 620 623 1
581 578 575 2043 1
2043 579 578 575 1
581 575 582 2043 1
759 766 122 138 1
2033 1817 1816 1696 1
1595 1623 851 1961 1
77 93 80 74 1
93 74 92 86 1
93 74 86 80 1
52 1540 54 2019 1
80 78 95 75 1
81 96 78 94 1
80 95 78 97 1
96 81 78 83 1
1172 1169 1168 1171 1
85 98 78 83 1
98 96 78 83 1
78 80 97 99 1
78 80 99 85 1
124 119 132 131 1
80 100 93 77 1
476 1421 484 483 1
102 100 93 80 1
102 93 86 80 1
118 126 103 129 1
80 101 97 99 1
1105 820 1398 1091 1
2065 820 1094 1091 1
80 102 101 103 1
80 85 101 99 1
80 88 103 85 1
80 103 101 85 1
97 101 89 99 1
99 97 106 89 1
112 109 85 103 1
125 128 121 127 1
108 89 99 106 1
125 130 128 127 1
108 107 99 89 1
108 107 105 99 1
85 87 98 83 1
88 87 109 85 1
85 87 110 98 1
88 109 103 85 1
111 87 85 109 1
111 110 85 87 1
111 109 85 112 1
85 103 105 112 1
113 87 111 109 1
111 114 110 87 1
113 109 111 112 1
113 115 111 87 1
115 114 111 87 1
115 111 116 113 1
111 112 117 113 1
111 117 116 113 1
88 109 118 103 1
112 109 103 118 1
652 868 1763 866 1
652 866 879 868 1
119 126 132 129 1
112 119 120 121 1
805 804 803 814 1
103 119 112 129 1
118 129 112 125 1
129 125 121 112 1
122 126 103 118 1
103 119 126 124 1
2017 874 877 884 1
120 107 105 108 1
119 128 121 129 1
103 126 119 129 1
121 119 120 128 1
129 128 121 125 1
124 132 126 766 1
119 130 128 129 1
317 313 1960 986 1
129 130 128 125 1
7 4 1289 3 1
130 119 132 129 1
804 807 806 2071 1
120 119 112 107 1
119 120 133 107 1
119 128 133 120 1
121 127 117 125 1
34 38 39 1902 1
127 125 134 117 1
127 130 134 125 1
112 125 117 113 1
117 125 116 113 1
117 125 134 116 1
118 125 112 113 1
1897 1953 1925 1503 1
135 118 137 122 1
2027 600 602 595 1
122 138 118 137 1
1528 1886 1527 1884 1
122 126 118 138 1
116 139 113 125 1
116 125 140 139 1
134 125 140 116 1
130 129 132 125 1
134 130 140 125 1
130 132 140 125 1
141 87 115 113 1
115 113 116 139 1
115 113 139 141 1
115 142 114 87 1
115 142 143 114 1
141 142 115 87 1
115 141 143 142 1
144 141 143 115 1
144 115 145 141 1
1398 1091 2060 1107 1
116 140 146 139 1
1897 1953 1507 1925 1
141 148 143 142 1
1618 2026 1611 1626 1
1479 1901 1481 1484 1
459 451 1788 461 1
1407 1981 1387 1410 1
2 1946 8 1764 1
154 145 116 146 1
459 273 472 461 1
155 145 154 146 1
679 677 671 674 1
1379 1154 1933 1380 1
1676 1927 1674 1914 1
1972 1694 1693 1681 1
682 677 679 676 1
679 677 678 671 1
2054 1600 1610 1601 1
48 731 732 715 1
676 677 679 674 1
4 1920 2073 3 1
54 52 2019 42 1
166 157 164 167 1
168 164 167 166 1
1606 1918 1552 1611 1
1487 1490 1899 1486 1
1347 1348 1364 2001 1
453 452 446 454 1
157 169 166 150 1
167 169 166 157 1
1350 2001 1364 1361 1
171 166 170 172 1
1363 1361 1364 2001 1
169 171 167 166 1
172 173 174 171 1
172 173 175 174 1
168 173 175 172 1
1495 1497 1998 1496 1
1497 1498 1998 1496 1
177 172 171 170 1
1498 1500 1998 1496 1
178 179 171 170 1
621 1199 2038 1198 1
178 170 171 148 1
1317 2064 1314 1313 1
1998 1494 1496 1500 1
147 1943 141 151 1
1499 1494 1998 1500 1
1943 151 1911 141 1
183 177 184 185 1
183 186 184 177 1
1312 1315 1318 2064 1
1317 1318 1315 2064 1
186 181 184 177 1
1312 2064 1318 1313 1
1943 151 149 1911 1
1317 1318 2064 1313 1
187 181 184 186 1
188 187 186 181 1
145 1943 149 1911 1
145 1943 1911 141 1
189 190 179 191 1
189 179 192 191 1
190 185 179 191 1
190 184 179 185 1
178 192 179 191 1
191 185 179 170 1
178 191 179 170 1
178 81 192 191 1
178 96 81 191 1
178 81 96 83 1
178 170 96 191 1
96 83 87 178 1
96 178 143 170 1
96 87 142 178 1
96 142 143 178 1
143 178 148 170 1
143 142 148 178 1
438 48 732 715 1
26 29 23 1880 1
189 194 190 191 1
62 68 193 67 1
202 89 209 257 1
190 185 191 194 1
81 191 94 193 1
189 192 81 191 1
81 96 94 191 1
68 81 70 193 1
81 193 94 70 1
98 87 96 83 1
98 87 114 96 1
114 87 142 96 1
114 142 143 96 1
70 193 94 75 1
68 70 62 193 1
75 70 193 62 1
419 222 1711 1896 1
75 62 193 195 1
193 194 195 62 1
52 196 62 75 1
313 1916 314 315 1
62 196 195 75 1
196 79 52 1540 1
79 95 196 75 1
79 80 95 75 1
1723 1283 1762 1791 1
206 133 208 108 1
1794 1283 1723 1791 1
855 853 1101 840 1
1754 1723 1794 1283 1
79 95 80 199 1
100 76 79 198 1
1754 1723 1283 84 1
100 79 80 199 1
100 79 199 198 1
80 95 97 199 1
118 103 112 129 1
101 80 97 199 1
79 196 95 200 1
199 79 95 200 1
199 200 95 106 1
199 95 97 106 1
199 79 201 198 1
199 79 200 201 1
199 100 198 202 1
201 199 198 202 1
101 80 199 203 1
199 200 106 201 1
101 199 97 89 1
97 199 106 89 1
199 100 202 203 1
202 201 199 204 1
101 199 89 203 1
201 106 199 204 1
199 106 89 204 1
203 199 89 202 1
202 199 89 204 1
200 201 205 106 1
106 201 205 204 1
106 206 89 204 1
89 108 206 106 1
820 1094 1105 1103 1
206 108 208 106 1
1103 2024 520 1104 1
206 209 107 89 1
108 206 107 89 1
1778 1716 1896 1779 1
1803 1726 645 1723 1
211 209 107 206 1
2034 816 811 1945 1
206 211 208 133 1
1680 1666 1677 1950 1
1680 1666 1950 1679 1
2006 1803 1806 1759 1
212 209 211 206 1
212 206 211 208 1
901 1751 1912 473 1
216 211 133 208 1
493 531 2057 497 1
1893 1570 1569 1928 1
214 211 216 212 1
217 215 208 213 1
214 215 212 216 1
216 215 208 217 1
1914 1751 1912 901 1
432 773 771 2004 1
223 224 225 229 1
1905 1602 1597 1593 1
832 1945 831 827 1
1962 1686 1820 1819 1
48 731 766 735 1
1672 1914 1927 1676 1
213 224 223 226 1
225 220 1937 1990 1
224 220 225 227 1
228 223 221 225 1
229 226 223 224 1
1079 1958 841 846 1
619 2047 611 2076 1
419 1711 911 1896 1
226 223 231 229 1
1929 2004 771 238 1
1719 1709 1716 940 1
432 2004 771 1929 1
432 242 2004 236 1
219 233 221 232 1
385 383 2039 384 1
1590 1352 1331 1343 1
1587 1905 1442 1906 1
2003 1905 1587 1906 1
235 233 221 234 1
619 2076 611 628 1
228 221 234 235 1
1929 236 2004 238 1
538 518 522 536 1
2073 1880 16 4 1
1888 2016 1875 40 1
236 238 220 241 1
889 895 1015 1013 1
1884 1886 77 90 1
1641 1839 1175 473 1
2076 619 2047 623 1
241 238 220 239 1
225 227 220 239 1
2010 31 1902 2019 1
619 2076 628 623 1
241 239 220 227 1
473 1839 1175 1663 1
240 242 236 241 1
823 834 835 982 1
985 2053 1001 1002 1
805 804 817 818 1
240 241 224 245 1
1105 1091 1398 1106 1
1380 1373 1386 1154 1
652 1922 879 866 1
245 244 227 246 1
247 237 248 239 1
220 239 237 247 1
239 237 248 249 1
250 239 220 247 1
247 248 251 239 1
239 248 251 249 1
239 247 250 251 1
250 225 220 239 1
239 249 251 253 1
239 251 250 254 1
225 239 250 254 1
239 253 251 254 1
225 254 227 239 1
1959 1576 1582 1579 1
1608 1959 1582 1579 1
255 253 2032 246 1
246 239 227 254 1
244 2032 246 255 1
266 252 255 2032 1
224 227 245 241 1
229 227 245 224 1
1531 1542 1417 1418 1
230 225 256 254 1
1154 1373 2056 1376 1
229 227 230 245 1
225 230 227 254 1
38 2019 1934 42 1
245 246 227 230 1
922 923 924 916 1
733 858 1970 1068 1
1980 1689 1692 1941 1
524 521 802 2035 1
823 824 836 829 1
2035 515 520 2023 1
1995 260 1970 733 1
256 648 230 262 1
1716 1713 222 1709 1
230 263 229 245 1
264 263 230 245 1
1277 2035 520 2023 1
246 264 230 245 1
198 1542 1531 1418 1
246 262 230 264 1
245 244 246 264 1
244 246 264 255 1
524 501 521 2035 1
1527 1542 76 198 1
922 932 924 923 1
266 2032 255 253 1
189 193 68 67 1
255 253 246 270 1
269 252 255 266 1
270 266 255 253 1
267 252 244 272 1
270 253 246 254 1
266 252 2032 249 1
264 244 255 271 1
272 252 255 269 1
269 266 255 270 1
267 244 271 272 1
733 859 857 2079 1
1312 1331 1325 1352 1
271 255 264 274 1
264 255 246 270 1
269 255 274 270 1
272 255 271 274 1
1100 1063 982 1098 1
274 255 264 270 1
272 255 274 269 1
1936 1527 1542 1416 1
1419 1936 1424 198 1
927 747 916 910 1
254 262 230 246 1
1666 1693 1681 1972 1
909 925 907 892 1
254 262 246 270 1
254 262 256 230 1
246 262 264 270 1
1695 1711 1699 911 1
275 262 256 254 1
262 648 230 653 1
230 264 262 278 1
254 275 262 270 1
280 276 270 262 1
270 262 264 280 1
278 230 653 262 1
278 262 280 264 1
275 285 262 276 1
280 276 262 279 1
278 279 280 262 1
278 230 264 263 1
263 278 281 264 1
274 281 264 271 1
278 280 281 264 1
281 264 280 274 1
270 280 264 274 1
922 929 932 923 1
858 260 874 2079 1
274 270 280 283 1
243 237 238 2032 1
270 276 280 283 1
262 270 275 276 1
228 2070 256 225 1
228 221 2070 225 1
270 276 286 275 1
275 276 286 285 1
283 270 276 286 1
280 276 287 283 1
280 276 279 288 1
287 280 288 276 1
289 283 274 280 1
280 278 281 290 1
289 280 274 281 1
289 283 280 287 1
288 279 280 278 1
289 290 280 281 1
288 278 280 290 1
290 287 289 280 1
288 280 287 290 1
274 270 283 269 1
291 270 269 293 1
1758 1907 1751 1941 1
274 283 292 269 1
1907 1963 1751 1941 1
270 283 269 293 1
293 270 283 286 1
283 289 274 292 1
292 293 269 283 1
292 269 294 274 1
295 292 269 294 1
292 294 289 274 1
305 298 299 309 1
295 269 292 293 1
295 302 269 293 1
296 270 291 293 1
293 296 270 286 1
293 297 296 286 1
291 296 293 302 1
293 296 297 302 1
305 298 302 299 1
293 302 297 298 1
302 298 293 299 1
299 293 302 295 1
270 266 291 269 1
272 269 294 300 1
294 269 272 274 1
295 269 300 294 1
301 269 300 295 1
293 269 291 302 1
295 269 302 301 1
299 302 301 295 1
302 301 305 299 1
305 304 311 310 1
306 301 300 295 1
306 295 307 301 1
306 307 308 301 1
295 307 301 309 1
309 299 301 295 1
307 308 301 309 1
299 301 305 309 1
301 308 310 309 1
305 301 310 309 1
304 298 305 311 1
305 311 309 310 1
312 304 310 311 1
629 623 611 2005 1
496 607 608 610 1
1702 1690 1694 1703 1
608 496 610 629 1
311 298 305 309 1
317 307 309 308 1
1589 1594 1905 1593 1
317 318 319 307 1
318 308 307 317 1
320 318 319 317 1
321 308 318 317 1
320 321 318 317 1
1666 1667 1950 1679 1
322 321 320 317 1
883 882 1922 865 1
323 321 322 317 1
1656 1644 1648 1927 1
2005 607 496 610 1
616 618 1940 614 1
1706 1705 284 1694 1
528 548 543 458 1
1703 1694 284 1705 1
875 889 1971 895 1
284 1702 1694 1703 1
403 404 399 389 1
318 307 308 306 1
318 306 319 307 1
319 331 306 318 1
332 318 331 333 1
319 333 331 318 1
332 321 318 333 1
320 333 319 318 1
320 333 318 321 1
307 306 319 295 1
334 335 300 306 1
306 300 334 295 1
306 334 335 336 1
306 334 319 295 1
306 319 334 336 1
336 331 335 306 1
319 331 336 306 1
331 319 336 333 1
336 337 335 331 1
333 337 336 331 1
333 337 331 332 1
548 547 472 546 1
528 548 472 546 1
333 340 336 337 1
333 340 337 341 1
342 333 341 340 1
333 341 337 332 1
343 333 341 342 1
333 341 332 343 1
343 342 344 333 1
343 321 332 333 1
1978 852 860 2072 1
322 333 320 321 1
1978 1048 860 867 1
1938 405 399 404 1
1398 1105 1106 520 1
1920 31 15 3 1
341 340 337 346 1
346 341 340 347 1
341 342 340 347 1
1106 524 1398 520 1
349 267 350 338 1
338 351 267 350 1
351 338 267 339 1
338 349 267 335 1
846 1068 1080 1061 1
335 338 349 348 1
1398 524 813 520 1
352 353 348 345 1
1988 516 2023 2048 1
733 2078 1061 846 1
345 412 352 353 1
1047 1978 860 2072 1
346 355 356 347 1
346 356 341 347 1
2018 1677 1673 1670 1
463 487 788 464 1
342 341 356 347 1
66 205 219 2008 1
357 347 360 356 1
342 341 361 356 1
356 360 342 347 1
1271 1275 219 2008 1
356 361 342 360 1
359 362 356 360 1
362 360 361 356 1
343 341 361 342 1
535 538 513 521 1
363 353 354 355 1
354 363 355 364 1
231 225 228 230 1
358 363 364 355 1
1648 1927 2018 1670 1
353 345 365 354 1
354 366 365 363 1
363 365 354 353 1
364 354 363 366 1
357 364 358 367 1
365 412 345 353 1
231 229 225 230 1
816 811 1118 2062 1
1980 1696 1692 1895 1
820 1091 1105 1094 1
360 359 371 370 1
361 372 342 360 1
359 371 362 360 1
361 372 360 362 1
362 371 372 360 1
369 373 359 370 1
359 373 374 370 1
374 370 375 359 1
359 375 371 370 1
359 371 376 362 1
375 371 376 359 1
376 371 372 362 1
372 376 362 377 1
361 342 372 344 1
361 344 372 378 1
372 362 361 377 1
372 361 378 377 1
378 372 379 344 1
378 344 380 361 1
378 344 381 380 1
379 344 381 378 1
379 382 381 344 1
343 361 344 342 1
380 344 343 361 1
2052 1099 835 840 1
878 1048 1978 867 1
382 325 344 322 1
325 344 380 381 1
382 344 325 381 1
382 325 322 323 1
329 325 382 323 1
329 325 328 382 1
382 381 325 328 1
325 321 322 323 1
218 204 1284 1973 1
2070 250 225 232 1
385 386 387 368 1
387 386 367 368 1
385 368 387 388 1
397 1966 437 396 1
387 368 367 369 1
367 358 368 386 1
387 368 369 388 1
768 826 1118 1102 1
496 611 1721 2005 1
389 390 385 388 1
385 388 387 389 1
388 390 385 384 1
390 391 385 384 1
383 384 385 391 1
1942 2041 1194 1195 1
389 392 393 385 1
393 385 387 389 1
387 393 386 385 1
624 1942 2041 1194 1
396 397 395 394 1
394 395 398 397 1
235 256 2070 250 1
2047 623 612 2005 1
916 906 909 910 1
403 394 399 400 1
323 316 1975 325 1
323 317 1960 321 1
394 399 389 403 1
193 189 191 194 1
389 394 403 392 1
394 389 399 398 1
399 394 398 397 1
433 1562 58 17 1
622 619 620 2047 1
433 1564 58 1562 1
1637 1641 1659 901 1
389 403 404 393 1
389 403 393 392 1
404 387 405 389 1
404 393 387 389 1
404 403 406 393 1
406 404 407 405 1
404 406 386 393 1
406 386 407 404 1
404 387 407 405 1
387 404 386 393 1
404 386 407 387 1
407 386 367 387 1
406 407 408 405 1
408 409 407 406 1
408 407 409 410 1
409 386 407 406 1
366 407 410 363 1
410 407 409 363 1
363 407 409 386 1
364 366 363 407 1
364 407 363 386 1
367 407 364 386 1
358 364 363 386 1
367 364 358 386 1
365 366 411 363 1
363 410 366 411 1
410 411 363 409 1
363 411 365 353 1
412 413 414 411 1
412 413 411 366 1
411 413 414 410 1
365 366 412 411 1
411 413 410 366 1
409 414 410 411 1
411 412 365 353 1
1572 1571 1893 1948 1
415 365 366 412 1
623 611 628 629 1
412 415 345 416 1
106 204 2044 2074 1
417 412 418 352 1
271 267 2014 244 1
463 487 464 453 1
417 418 349 352 1
412 415 416 417 1
1427 102 100 93 1
352 416 349 417 1
415 416 417 420 1
350 420 417 416 1
417 267 351 350 1
417 350 351 422 1
350 267 349 417 1
1511 1897 1507 1508 1
350 420 422 417 1
245 263 445 1533 1
1511 1897 259 1506 1
464 487 788 486 1
464 789 486 788 1
464 487 486 453 1
161 156 1957 1449 1
1498 1897 1507 1511 1
420 422 417 423 1
1404 1280 1177 1269 1
1403 1534 2002 123 1
434 423 440 420 1
1981 1407 1411 1511 1
431 711 434 778 1
1432 203 102 209 1
808 827 1945 832 1
711 431 434 436 1
418 424 2014 267 1
423 417 271 422 1
417 418 267 349 1
1427 203 100 102 1
425 424 2014 418 1
412 425 417 418 1
242 412 426 427 1
412 427 242 425 1
426 412 428 427 1
429 412 426 242 1
2071 261 804 824 1
426 412 414 428 1
417 425 412 429 1
1426 1427 1432 203 1
430 412 414 426 1
429 412 417 415 1
1426 203 1432 209 1
412 430 414 413 1
415 412 366 430 1
412 430 413 366 1
425 427 242 424 1
425 242 2014 424 1
418 2014 417 267 1
429 417 423 420 1
429 417 420 415 1
434 240 423 429 1
439 436 429 431 1
1762 2042 1778 1716 1
858 1072 1068 1071 1
1778 2042 1713 1716 1
431 429 434 436 1
429 242 426 431 1
435 711 434 436 1
451 459 263 455 1
434 440 436 420 1
439 426 431 429 1
1897 259 1509 1508 1
431 438 426 439 1
425 2014 417 418 1
657 459 263 656 1
1754 1757 1755 84 1
1572 1571 1570 1893 1
436 415 429 420 1
1957 156 162 1449 1
439 415 429 436 1
1304 1174 1310 1303 1
441 423 420 440 1
420 442 423 441 1
420 422 423 442 1
271 423 422 442 1
442 443 422 271 1
422 271 443 351 1
429 240 242 431 1
434 240 429 431 1
245 444 240 423 1
652 866 1763 1922 1
444 240 423 434 1
708 444 441 440 1
1936 1527 1424 198 1
444 445 456 441 1
455 457 456 445 1
1299 1303 1174 1304 1
447 910 890 896 1
890 1007 447 1013 1
445 245 423 444 1
444 423 445 441 1
271 442 443 445 1
441 442 445 446 1
443 442 446 445 1
271 443 281 445 1
271 443 448 281 1
281 445 443 446 1
271 443 351 448 1
281 443 448 449 1
281 450 446 443 1
449 443 450 281 1
451 281 446 445 1
446 445 441 452 1
446 451 445 452 1
451 450 446 281 1
118 122 1752 103 1
1304 1306 1310 1174 1
459 548 655 469 1
444 263 445 245 1
1013 642 447 890 1
1813 645 1696 1814 1
456 657 445 444 1
263 281 451 445 1
2047 611 597 622 1
451 263 445 455 1
445 444 657 263 1
445 457 441 452 1
455 457 445 451 1
451 457 445 452 1
461 471 472 469 1
451 263 458 278 1
451 459 458 263 1
451 278 281 263 1
447 1007 1015 1013 1
1706 1714 1707 222 1
461 451 455 459 1
1706 1714 222 284 1
290 278 281 451 1
458 649 460 278 1
455 457 451 461 1
561 574 573 1935 1
235 2070 221 232 1
221 2070 225 232 1
281 290 451 462 1
290 451 463 278 1
281 462 451 450 1
451 457 452 461 1
1691 1677 1681 1666 1
290 451 462 463 1
453 450 451 462 1
451 461 452 453 1
453 463 462 451 1
455 457 465 456 1
466 465 455 457 1
457 461 455 466 1
461 457 452 467 1
468 466 461 457 1
457 467 461 468 1
453 461 452 454 1
461 467 452 454 1
461 459 455 469 1
613 620 612 622 1
455 461 469 466 1
472 471 470 469 1
476 478 484 481 1
469 471 466 461 1
1474 1475 2021 1476 1
1532 1273 1418 123 1
468 461 466 471 1
612 1721 597 2047 1
1682 878 1971 1042 1
471 472 474 461 1
461 468 474 471 1
475 273 453 461 1
472 273 474 461 1
454 475 453 461 1
454 475 461 467 1
474 461 467 468 1
475 273 461 474 1
475 461 467 474 1
476 475 454 467 1
477 468 474 467 1
476 475 467 474 1
474 478 477 467 1
474 476 478 467 1
450 454 479 453 1
453 454 479 475 1
454 476 479 475 1
479 476 480 475 1
481 476 474 475 1
480 476 481 475 1
481 478 482 474 1
482 481 504 478 1
1477 1480 1475 1964 1
504 1988 481 482 1
479 450 453 485 1
453 475 479 485 1
479 475 480 485 1
273 453 486 475 1
487 475 453 485 1
453 487 486 475 1
487 488 475 485 1
486 487 488 475 1
486 481 475 488 1
480 475 488 485 1
475 480 488 481 1
2063 171 179 170 1
1650 859 874 857 1
486 487 491 488 1
488 486 481 1987 1
1956 1650 874 857 1
733 856 1068 1061 1
1684 870 1907 1758 1
434 423 420 429 1
733 856 858 1068 1
1689 1835 1843 1907 1
1920 2073 16 4 1
1618 1626 1611 1634 1
856 1068 1055 858 1
496 2005 610 629 1
804 816 823 261 1
665 573 2022 579 1
881 902 908 729 1
1147 1177 1170 719 1
131 132 124 766 1
902 908 729 909 1
1379 1375 1933 1376 1
504 1988 484 481 1
484 2048 1988 504 1
1331 1590 1951 1325 1
1973 204 257 1939 1
1582 1919 1581 1578 1
528 548 458 459 1
2009 1338 1334 1340 1
748 752 1989 1471 1
500 502 503 482 1
500 482 504 502 1
505 482 500 503 1
503 506 502 500 1
453 464 1788 273 1
504 500 502 507 1
500 505 499 482 1
508 505 500 503 1
506 503 508 500 1
502 507 500 506 1
500 509 499 505 1
453 1788 451 461 1
1683 1677 1758 1678 1
509 505 500 508 1
506 508 511 500 1
1985 1962 1825 1824 1
748 1989 763 1471 1
424 2014 244 241 1
509 508 500 511 1
1838 1985 1825 1824 1
257 212 206 209 1
2010 51 47 45 1
163 152 1974 161 1
1880 23 714 8 1
750 763 1989 751 1
578 2055 675 674 1
1812 1696 1904 1702 1
1152 247 1149 1158 1
1989 751 763 1471 1
513 499 518 536 1
886 44 1569 33 1
513 517 521 501 1
513 497 536 538 1
1624 1635 1150 1611 1
1595 1624 1150 1611 1
848 265 847 844 1
1199 1204 1198 1196 1
1103 507 2024 1104 1
521 523 501 517 1
841 1915 1064 1079 1
497 531 499 536 1
1047 1042 878 1043 1
493 531 542 528 1
481 484 504 478 1
474 482 502 477 1
482 478 477 474 1
531 273 528 493 1
502 482 504 477 1
482 478 504 477 1
468 502 477 474 1
468 502 474 471 1
474 471 502 503 1
482 502 503 474 1
472 474 526 471 1
474 273 472 494 1
526 474 503 471 1
2022 666 669 667 1
2022 577 667 578 1
2022 669 578 667 1
494 482 503 474 1
909 902 892 729 1
547 552 557 553 1
494 528 472 529 1
1102 1098 982 820 1
494 527 530 472 1
531 494 528 273 1
494 472 530 529 1
494 531 528 529 1
494 527 532 530 1
1981 1511 1411 259 1
494 530 532 529 1
529 533 531 541 1
494 505 532 527 1
547 552 550 557 1
505 527 494 503 1
494 505 499 532 1
505 494 482 503 1
1410 1511 1981 259 1
531 533 529 532 1
482 505 499 494 1
499 531 494 532 1
505 509 499 532 1
482 641 1988 481 1
542 528 460 493 1
1176 1177 1171 1147 1
536 531 499 532 1
499 509 537 532 1
1277 2035 2023 501 1
534 531 497 536 1
284 1904 1696 1702 1
537 536 499 532 1
499 509 525 537 1
2019 52 1540 62 1
497 534 536 538 1
1692 284 1696 1702 1
525 536 499 537 1
1324 2059 312 1323 1
499 509 519 525 1
2036 1044 925 1020 1
902 892 2036 925 1
539 534 531 497 1
536 533 531 532 1
539 534 533 531 1
534 533 531 536 1
540 497 534 539 1
497 540 534 535 1
528 529 531 541 1
533 539 531 541 1
1141 635 233 235 1
493 539 531 497 1
531 542 541 539 1
493 539 542 531 1
1141 637 233 635 1
539 493 542 540 1
540 497 539 493 1
531 529 494 532 1
2070 256 225 250 1
543 544 528 458 1
1101 1060 258 2052 1
1626 1628 1619 1617 1
2052 1060 258 1059 1
543 544 541 528 1
563 566 569 570 1
542 544 545 460 1
563 566 2015 569 1
1643 473 1831 1642 1
541 528 546 543 1
541 544 542 528 1
542 460 545 493 1
528 529 546 472 1
528 541 546 529 1
472 547 529 546 1
472 547 530 529 1
470 472 526 471 1
527 470 547 472 1
473 1839 1831 1642 1
527 470 472 526 1
472 527 530 547 1
547 548 470 549 1
1082 846 1081 841 1
550 547 548 546 1
547 550 548 549 1
547 551 549 470 1
547 552 546 550 1
547 550 549 560 1
547 560 549 551 1
547 557 550 560 1
547 553 560 551 1
547 557 560 553 1
554 555 552 550 1
552 555 546 550 1
556 555 552 554 1
550 557 552 554 1
556 552 558 554 1
2052 1063 835 1099 1
557 558 552 554 1
552 558 559 556 1
258 1063 835 2052 1
557 553 552 558 1
553 558 559 552 1
551 561 553 560 1
561 562 551 553 1
557 560 553 558 1
553 559 558 563 1
561 558 553 560 1
510 2048 484 504 1
564 556 558 554 1
556 558 559 564 1
1840 1963 473 1837 1
1836 1963 1840 1837 1
840 1101 258 2052 1
563 568 565 566 1
258 2052 835 840 1
1595 1624 1622 1623 1
566 570 563 568 1
569 566 567 570 1
1852 268 1572 1598 1
551 561 549 571 1
571 561 549 572 1
551 560 549 561 1
551 561 571 562 1
571 572 573 561 1
561 571 562 573 1
561 572 573 574 1
561 573 562 1935 1
2057 475 474 273 1
771 1929 210 257 1
751 1938 752 741 1
400 1938 752 751 1
1983 1618 1656 1669 1
257 212 1929 206 1
26 29 1880 15 1
1595 1630 1624 1623 1
751 399 1938 741 1
1631 1624 1630 1623 1
1380 1968 2020 1379 1
579 576 575 582 1
890 1007 910 447 1
575 576 567 582 1
581 575 583 582 1
567 583 575 582 1
567 569 582 576 1
584 583 567 582 1
569 584 567 582 1
585 566 570 567 1
567 584 569 570 1
584 567 583 585 1
585 570 584 567 1
585 570 566 586 1
566 568 586 570 1
566 587 565 564 1
566 568 565 587 1
588 568 566 587 1
566 588 586 568 1
588 587 589 568 1
565 589 587 568 1
565 587 590 564 1
565 590 559 564 1
565 589 590 587 1
1659 1675 1664 1952 1
1575 268 1598 1948 1
591 587 589 588 1
592 587 564 590 1
595 592 596 597 1
598 592 595 597 1
595 592 599 596 1
592 593 595 599 1
599 592 601 596 1
593 592 591 599 1
592 593 594 595 1
591 599 592 601 1
1380 1968 1384 2020 1
554 564 600 598 1
554 564 556 600 1
564 590 556 600 1
590 556 559 564 1
554 556 555 602 1
554 600 556 602 1
603 554 555 602 1
554 603 604 602 1
1905 1597 1909 1593 1
555 603 550 554 1
1909 1597 2030 1593 1
1975 329 330 313 1
1692 1689 1969 1941 1
602 605 603 606 1
606 602 605 607 1
606 604 602 607 1
555 605 603 602 1
604 602 603 606 1
608 607 609 610 1
609 606 607 608 1
2006 1726 1754 1806 1
223 1937 1990 225 1
606 607 605 609 1
607 606 604 608 1
2006 1803 1726 1806 1
521 810 518 524 1
1921 1668 1644 1927 1
1951 1331 1325 1326 1
91 1527 100 1424 1
2061 154 116 146 1
2003 1906 1996 1905 1
1914 1842 1751 1843 1
595 599 614 596 1
596 599 614 601 1
2031 170 171 166 1
1532 1269 1273 123 1
1977 321 333 322 1
818 824 829 830 1
601 614 596 618 1
619 613 620 621 1
2026 1617 1626 1619 1
621 613 620 615 1
1618 2026 1626 1619 1
1625 1622 1624 1623 1
613 620 615 612 1
612 622 597 613 1
1914 1912 1751 1842 1
1154 1386 1387 1981 1
223 207 1990 1937 1
1388 1154 1387 1981 1
609 643 639 640 1
643 644 639 640 1
624 625 626 619 1
627 624 626 619 1
625 628 626 619 1
619 621 627 624 1
619 620 626 627 1
619 628 626 623 1
619 620 627 621 1
619 623 626 620 1
240 2014 241 245 1
423 2014 240 245 1
1061 2078 835 841 1
608 611 496 629 1
626 630 623 628 1
623 628 630 629 1
623 630 610 629 1
626 630 628 631 1
631 630 628 632 1
630 631 633 634 1
635 636 637 630 1
634 630 631 632 1
629 628 630 632 1
637 630 633 634 1
635 636 630 610 1
637 636 638 630 1
632 630 635 637 1
638 630 633 637 1
634 630 632 637 1
629 630 635 632 1
629 630 610 635 1
636 610 635 639 1
639 640 636 610 1
639 635 608 610 1
609 639 610 640 1
608 609 639 610 1
635 608 610 629 1
234 233 635 235 1
771 773 774 1908 1
609 639 606 608 1
1141 1135 635 235 1
773 1908 771 2004 1
235 643 639 234 1
235 234 639 635 1
643 235 639 644 1
235 635 639 644 1
815 1984 812 813 1
639 644 635 636 1
349 348 350 416 1
1781 1716 84 1762 1
639 640 644 636 1
3 1543 31 1173 1
646 644 643 640 1
643 606 609 639 1
605 646 643 640 1
606 605 647 643 1
606 605 603 647 1
648 646 643 605 1
646 605 648 649 1
648 605 643 647 1
650 605 649 648 1
647 605 650 648 1
603 605 650 647 1
555 605 650 603 1
650 651 647 648 1
650 651 603 647 1
555 651 650 543 1
648 650 653 649 1
550 651 555 543 1
1655 1175 1832 1662 1
458 649 653 650 1
1325 1315 1327 1326 1
548 651 458 654 1
650 545 460 649 1
603 651 650 555 1
543 650 544 458 1
544 650 545 460 1
469 782 781 465 1
648 651 653 650 1
348 345 350 416 1
548 651 543 458 1
1974 156 162 1957 1
548 651 654 655 1
550 651 603 555 1
543 550 651 548 1
548 550 651 655 1
2038 617 1205 616 1
543 555 550 546 1
546 550 543 548 1
548 550 655 549 1
1714 1703 1904 284 1
15 31 1173 3 1
546 548 543 528 1
459 548 654 655 1
459 548 458 654 1
469 548 655 549 1
1779 1781 1762 1716 1
781 657 469 465 1
263 459 458 656 1
459 654 458 656 1
459 656 657 655 1
657 455 459 469 1
459 655 654 656 1
615 1954 614 1940 1
459 655 657 469 1
469 655 657 658 1
469 655 658 549 1
470 548 469 549 1
657 465 455 469 1
469 661 549 658 1
466 455 465 469 1
782 658 661 469 1
469 659 782 465 1
1635 1618 1656 1983 1
469 659 470 549 1
659 470 549 571 1
470 571 551 549 1
571 662 549 659 1
571 662 659 660 1
571 572 549 662 1
571 572 662 660 1
571 572 660 573 1
659 661 549 469 1
661 659 549 662 1
1781 1780 84 1716 1
1773 84 1781 1780 1
804 2071 806 1917 1
663 577 665 660 1
426 428 737 770 1
665 660 577 573 1
1757 1781 84 1762 1
1037 1018 1011 889 1
197 1366 1363 1361 1
577 666 667 668 1
666 577 665 668 1
1648 1675 787 1659 1
577 665 668 663 1
104 432 212 727 1
787 1667 1664 1675 1
357 354 2075 364 1
1635 1611 1918 1150 1
671 672 673 667 1
667 672 673 668 1
666 671 667 672 1
674 671 673 667 1
666 672 667 668 1
671 667 669 666 1
671 667 674 669 1
578 669 674 667 1
1935 561 575 567 1
821 822 1064 1915 1
1362 2040 1348 1360 1
1360 2040 1348 1355 1
671 678 673 672 1
166 1911 149 150 1
143 1911 149 166 1
679 678 673 671 1
615 1940 614 617 1
1676 1684 1672 1914 1
680 681 682 676 1
1494 1495 1998 1496 1
2014 240 242 429 1
683 678 673 684 1
678 680 673 684 1
682 680 678 684 1
672 673 683 678 1
679 678 680 673 1
685 162 684 680 1
680 162 684 686 1
686 162 681 680 1
680 685 673 684 1
680 684 682 686 1
681 682 686 680 1
683 684 673 685 1
685 687 673 683 1
2038 1940 617 616 1
689 687 688 668 1
666 672 668 688 1
689 668 688 666 1
668 689 687 664 1
666 668 665 689 1
668 664 665 689 1
668 663 665 664 1
687 688 683 690 1
687 691 688 690 1
689 687 691 688 1
841 835 821 824 1
642 892 890 1971 1
689 664 665 692 1
683 694 685 687 1
683 690 694 687 1
690 695 694 687 1
687 690 695 696 1
691 690 687 696 1
691 696 687 689 1
696 697 690 695 1
696 697 695 700 1
699 693 691 698 1
697 718 690 695 1
697 698 700 696 1
696 699 691 698 1
691 698 697 696 1
696 689 691 699 1
693 698 702 435 1
696 698 700 699 1
1083 824 841 1915 1
664 692 701 659 1
659 664 661 701 1
664 665 692 659 1
699 693 702 709 1
702 698 699 703 1
697 698 704 700 1
699 698 700 703 1
435 703 711 710 1
698 703 704 700 1
1013 2058 1005 2053 1
704 703 711 707 1
702 703 706 435 1
824 822 821 1915 1
703 704 710 698 1
709 693 692 699 1
435 703 710 698 1
706 703 711 435 1
702 698 703 435 1
702 435 708 693 1
709 702 708 693 1
708 435 436 693 1
701 699 702 709 1
435 710 436 693 1
693 698 435 710 1
709 699 692 701 1
1542 1416 1417 1418 1
706 707 711 703 1
163 162 1974 165 1
703 704 711 710 1
197 1359 1348 1362 1
1982 981 1007 910 1
697 704 705 700 1
712 704 710 711 1
1362 197 1363 1348 1
697 704 710 712 1
1366 1359 197 1362 1
524 1277 519 518 1
1348 197 1363 2001 1
1754 84 1755 1722 1
713 439 426 438 1
426 439 713 430 1
439 712 438 713 1
214 711 712 438 1
438 712 214 715 1
214 711 704 712 1
438 713 712 715 1
214 712 716 715 1
697 705 695 700 1
214 712 704 716 1
704 697 717 712 1
808 816 1945 827 1
90 74 77 73 1
704 697 718 717 1
697 718 695 705 1
697 704 718 705 1
704 717 716 712 1
704 717 718 716 1
720 214 716 721 1
214 720 716 704 1
737 428 746 770 1
1445 214 720 721 1
716 720 718 704 1
723 722 724 718 1
252 243 2032 249 1
1661 1950 1663 1665 1
787 1667 1950 1665 1
724 720 723 718 1
1682 878 1042 1043 1
36 15 2010 22 1
214 716 721 715 1
131 721 724 730 1
90 73 77 1884 1
214 131 727 728 1
713 438 732 715 1
104 766 211 124 1
214 727 726 438 1
19 714 23 2003 1
1453 704 720 214 1
721 1445 214 131 1
715 438 727 214 1
438 711 726 214 1
711 704 1453 214 1
715 214 728 721 1
131 721 132 728 1
715 727 728 214 1
730 721 132 131 1
156 1974 165 772 1
734 414 737 426 1
1407 1513 1511 1428 1
778 236 726 215 1
909 729 892 890 1
426 414 737 428 1
713 734 438 426 1
131 730 724 1444 1
1874 38 979 36 1
1407 1428 1511 1410 1
713 734 732 438 1
870 1674 1687 1683 1
17 1562 1561 433 1
1884 73 77 54 1
732 734 735 438 1
271 281 1533 445 1
732 713 736 734 1
713 430 734 426 1
713 736 734 413 1
430 713 734 413 1
734 430 414 426 1
430 734 414 413 1
734 735 438 426 1
193 68 81 189 1
737 734 735 732 1
734 426 737 735 1
732 734 736 737 1
734 737 414 736 1
734 736 414 413 1
413 736 414 410 1
737 738 736 732 1
737 738 739 736 1
736 737 414 739 1
739 738 408 736 1
736 739 414 410 1
736 408 739 410 1
714 5 1999 1 1
865 866 1922 1763 1
410 739 414 409 1
410 408 739 409 1
408 740 406 741 1
742 408 741 740 1
406 408 741 405 1
740 739 408 406 1
742 739 408 740 1
738 742 408 741 1
406 408 409 739 1
738 742 739 408 1
738 737 739 742 1
737 738 743 744 1
738 744 745 743 1
737 738 732 743 1
738 744 742 745 1
737 742 738 744 1
738 742 741 745 1
218 220 1939 210 1
737 744 735 746 1
737 744 743 735 1
737 743 732 735 1
745 748 749 742 1
745 742 749 744 1
748 742 745 741 1
740 742 748 741 1
1990 220 1939 218 1
1419 1542 198 1418 1
748 745 750 741 1
752 740 748 741 1
740 752 406 741 1
1339 1336 1342 421 1
750 748 749 745 1
743 744 745 753 1
743 753 731 735 1
743 744 753 735 1
732 743 731 735 1
744 754 735 755 1
753 754 735 744 1
746 744 735 755 1
745 744 754 753 1
745 749 754 744 1
136 841 2078 846 1
753 754 757 735 1
757 753 750 754 1
758 775 760 754 1
1758 1674 870 1683 1
750 749 754 745 1
745 754 750 753 1
758 775 1431 760 1
761 754 760 762 1
750 749 764 761 1
106 204 205 2044 1
757 756 750 753 1
750 763 764 749 1
766 211 124 131 1
762 750 754 757 1
762 750 763 764 1
762 750 764 761 1
749 763 764 765 1
762 756 750 757 1
750 763 749 748 1
1721 604 607 2025 1
749 763 765 748 1
604 598 554 2027 1
1484 1485 1901 1481 1
757 766 138 756 1
126 756 138 766 1
138 756 762 757 1
841 265 836 830 1
242 432 770 726 1
1095 1514 1511 1512 1
1481 1901 282 1474 1
1650 861 859 857 1
797 1930 521 798 1
38 2019 36 1902 1
2044 66 205 207 1
727 211 214 212 1
438 770 727 726 1
726 432 236 242 1
767 432 104 727 1
727 131 214 211 1
432 770 727 767 1
432 726 212 727 1
726 727 214 212 1
767 432 770 773 1
1764 1880 1898 1 1
1880 8 1 1764 1
711 726 214 215 1
215 726 214 212 1
214 721 131 728 1
426 427 770 242 1
426 242 770 726 1
2058 927 907 910 1
463 789 791 464 1
1388 1981 1411 1154 1
1826 1697 1827 1962 1
711 214 1453 215 1
1723 2042 1719 1713 1
1762 1723 1778 2042 1
778 726 711 215 1
757 775 754 759 1
124 766 122 759 1
711 726 431 438 1
438 426 726 431 1
242 427 770 432 1
124 122 1432 759 1
426 726 770 438 1
426 427 428 770 1
426 770 735 438 1
737 746 735 770 1
770 428 755 427 1
770 746 755 428 1
73 74 77 57 1
757 735 754 767 1
755 754 735 767 1
770 755 767 773 1
112 119 103 107 1
770 755 773 427 1
727 770 735 767 1
755 767 735 770 1
438 770 735 727 1
1880 714 1999 1 1
746 755 735 770 1
767 755 774 773 1
755 758 767 774 1
755 758 754 767 1
775 766 124 759 1
1204 1197 1196 1202 1
757 767 766 735 1
1598 1570 1569 1893 1
775 766 759 757 1
757 766 759 138 1
1527 1529 76 1542 1
88 118 1752 103 1
757 775 766 767 1
759 757 138 762 1
754 758 775 767 1
750 749 761 754 1
776 771 767 774 1
510 2024 1109 2048 1
771 767 774 773 1
758 775 767 774 1
528 542 541 531 1
447 890 642 896 1
124 775 209 767 1
106 2074 2044 207 1
2005 610 612 607 1
767 775 766 124 1
2044 204 205 66 1
106 2044 205 207 1
771 767 104 209 1
771 432 104 767 1
29 2 1880 15 1
2073 1920 15 3 1
18 2073 1920 15 1
486 791 464 493 1
217 213 778 215 1
812 813 2071 1976 1
2016 1875 54 1530 1
1908 773 774 777 1
1347 2001 1364 1350 1
432 236 2004 1929 1
1920 31 1902 15 1
161 1947 146 152 1
1961 1629 1630 1588 1
1575 1894 1961 851 1
161 155 146 1947 1
1697 1904 1696 1895 1
431 240 242 236 1
778 236 431 726 1
778 236 240 431 1
440 444 423 434 1
778 240 434 431 1
711 435 434 778 1
2042 1716 1719 1713 1
1814 1696 1815 645 1
88 118 135 1752 1
778 213 236 215 1
708 444 702 780 1
866 1763 865 862 1
779 213 778 217 1
456 444 708 780 1
779 707 778 706 1
814 808 809 817 1
456 657 455 445 1
707 711 1453 217 1
779 217 778 707 1
817 809 814 805 1
875 883 865 876 1
456 657 465 455 1
1284 201 204 1279 1
1284 1279 204 218 1
708 435 434 436 1
7 1289 64 3 1
708 702 709 780 1
1721 2005 612 607 1
434 440 708 436 1
1013 642 1015 447 1
464 790 791 463 1
708 709 465 780 1
456 465 780 708 1
444 778 240 434 1
444 702 778 435 1
444 708 702 435 1
653 263 230 278 1
263 653 230 656 1
456 444 441 708 1
456 781 444 780 1
456 465 781 780 1
486 789 464 791 1
781 657 456 444 1
444 226 702 780 1
226 781 780 444 1
709 701 780 702 1
465 782 781 780 1
709 782 465 780 1
780 709 782 701 1
658 782 781 469 1
709 659 465 782 1
659 782 709 701 1
782 659 661 701 1
782 469 661 659 1
659 692 701 709 1
781 657 658 469 1
657 229 226 231 1
229 657 226 444 1
657 656 229 231 1
226 657 781 444 1
657 263 229 656 1
263 657 229 444 1
455 263 657 459 1
455 445 657 263 1
781 657 465 456 1
461 472 459 469 1
458 653 263 656 1
6 1565 1566 433 1
1898 17 1543 1173 1
458 654 653 656 1
1566 1562 433 1565 1
653 458 263 278 1
2023 2024 1277 2048 1
1630 1623 1961 1588 1
245 263 229 444 1
441 444 423 440 1
263 230 229 656 1
656 230 229 231 1
656 231 653 230 1
653 231 228 230 1
524 2035 802 520 1
653 228 648 230 1
1950 1751 901 473 1
8 2 2030 1946 1
1173 2010 1543 31 1
648 262 643 646 1
262 646 648 649 1
648 653 262 649 1
262 278 279 649 1
653 649 278 262 1
653 649 458 278 1
285 646 262 649 1
279 285 262 649 1
279 783 649 278 1
278 783 649 460 1
460 649 545 783 1
278 783 460 463 1
288 278 783 279 1
288 290 463 278 1
288 463 783 278 1
463 288 784 290 1
290 288 784 287 1
783 288 785 463 1
463 288 785 784 1
786 290 462 463 1
510 1109 2024 1104 1
1377 1510 1505 1509 1
786 462 487 463 1
784 290 786 463 1
453 463 487 462 1
1924 791 486 493 1
495 792 497 794 1
786 487 788 463 1
789 784 786 463 1
789 785 784 463 1
608 604 496 611 1
204 201 2008 1279 1
785 789 791 463 1
786 789 463 788 1
2008 201 1273 1279 1
464 453 486 273 1
1643 473 1642 1641 1
273 486 464 493 1
464 790 493 791 1
463 790 791 785 1
495 1924 497 792 1
8 2003 1996 1909 1
43 30 1934 35 1
493 790 545 540 1
499 500 501 1277 1
540 792 493 790 1
493 791 790 793 1
493 793 790 792 1
493 545 542 540 1
1648 901 1927 1644 1
38 1934 35 43 1
540 792 497 493 1
1339 1332 1342 1951 1
1927 1648 2018 901 1
793 1924 495 792 1
1339 421 1342 1332 1
1924 493 497 792 1
793 792 495 794 1
1505 1925 1503 1509 1
793 493 1924 792 1
795 796 793 495 1
794 796 495 793 1
540 794 497 792 1
540 535 497 794 1
535 794 513 497 1
495 497 513 794 1
513 794 535 797 1
521 1930 1984 802 1
1285 2000 1423 1120 1
794 797 513 798 1
535 797 521 513 1
535 797 799 521 1
513 797 521 798 1
1930 797 799 800 1
797 800 1930 798 1
865 876 872 260 1
231 223 228 225 1
513 798 521 517 1
2000 1425 1423 1120 1
1930 801 523 517 1
795 801 798 517 1
798 801 1930 517 1
798 1930 521 517 1
149 1931 151 153 1
800 1984 802 1917 1
159 1931 149 153 1
159 1931 164 149 1
913 906 916 938 1
1307 2064 1312 1313 1
517 795 801 514 1
523 517 801 514 1
808 514 523 801 1
2034 802 523 811 1
808 809 801 814 1
1332 1590 1342 1951 1
1930 800 799 1984 1
1930 800 1984 802 1
875 895 1971 642 1
2035 802 811 523 1
1677 1666 1758 1950 1
516 515 2023 1109 1
813 524 802 520 1
480 1987 488 481 1
865 1922 875 1956 1
1914 1758 1674 1684 1
1638 1640 1641 1637 1
1637 1640 1641 1645 1
875 865 1956 876 1
1640 1637 1638 1626 1
1908 1120 210 237 1
1695 1692 1700 419 1
1 13 1999 10 1
1999 13 7 10 1
1498 1953 1501 1507 1
2 20 2030 1946 1
1751 1834 1837 1963 1
1975 325 316 328 1
1666 1972 1969 1941 1
265 1995 846 136 1
1969 1972 1692 1941 1
1999 1898 1 10 1
2071 822 261 824 1
1307 1311 1312 2064 1
1613 2026 1618 1619 1
1419 1422 1424 1936 1
823 804 824 818 1
47 2010 36 2019 1
433 1928 1570 1566 1
976 989 974 975 1
814 808 817 816 1
2034 816 814 802 1
1543 2010 17 45 1
1573 1571 1566 1574 1
2015 1935 562 576 1
1975 326 316 1903 1
808 817 816 827 1
1975 328 316 326 1
1999 1880 1 1898 1
827 823 828 818 1
829 823 818 828 1
1975 329 328 326 1
824 830 818 819 1
1834 1907 1686 1963 1
849 843 855 136 1
827 825 833 823 1
827 823 833 828 1
897 906 729 899 1
834 833 825 823 1
836 823 833 834 1
828 823 833 837 1
824 823 835 821 1
823 834 836 835 1
823 836 833 837 1
829 837 823 828 1
836 823 835 824 1
836 829 837 823 1
838 836 833 834 1
836 838 833 837 1
836 834 839 835 1
839 838 834 836 1
836 839 840 835 1
836 835 841 824 1
836 837 842 838 1
840 838 839 836 1
837 836 842 829 1
836 835 840 136 1
1975 330 326 1903 1
1109 520 2023 2024 1
841 136 835 836 1
843 836 842 838 1
843 840 836 838 1
836 842 829 844 1
136 840 836 843 1
836 830 844 829 1
841 836 265 136 1
843 842 836 136 1
136 842 836 844 1
265 830 844 836 1
265 836 844 136 1
2068 347 345 354 1
355 347 2068 354 1
847 830 265 845 1
841 265 846 136 1
844 265 847 830 1
857 852 1978 2072 1
991 984 747 977 1
853 855 2072 854 1
842 136 849 844 1
136 848 849 844 1
844 848 849 850 1
850 848 847 844 1
258 840 835 136 1
1515 1095 1511 1512 1
241 2032 227 244 1
885 642 891 1922 1
854 1049 2072 853 1
842 843 849 136 1
1635 2029 1983 1850 1
458 460 1788 278 1
136 852 849 848 1
500 1988 504 482 1
2025 2027 602 595 1
2032 237 238 239 1
933 747 936 916 1
213 215 208 1929 1
855 856 733 258 1
1849 1983 2029 1850 1
1635 1918 1983 2029 1
1542 1537 76 1531 1
733 2072 859 856 1
849 852 854 860 1
849 850 848 852 1
520 1277 512 1106 1
1719 1726 1713 1714 1
906 914 899 912 1
850 860 852 849 1
143 1911 166 2031 1
855 852 2072 854 1
562 2015 576 569 1
859 857 861 2072 1
2015 567 576 569 1
1723 1762 1283 84 1
862 857 848 863 1
850 848 863 847 1
862 848 847 863 1
250 220 232 247 1
1932 523 515 2034 1
1424 1425 1423 2000 1
1277 519 1106 524 1
511 519 1106 1277 1
1285 1284 2000 1973 1
1277 511 512 1106 1
1633 2011 1420 1637 1
202 1426 2000 776 1
1428 1387 1408 1410 1
856 1061 1057 1068 1
2015 562 563 569 1
1428 1410 1408 1514 1
2000 1426 1425 776 1
641 495 517 1967 1
1588 2045 5 1623 1
1406 1428 1387 1408 1
598 564 600 2028 1
1253 1224 1225 1250 1
1106 524 520 1277 1
1428 1514 1408 1513 1
876 872 260 871 1
1987 1967 641 1932 1
1987 495 641 1967 1
1406 1412 1428 1408 1
2006 1723 1754 1726 1
1983 1669 1656 1670 1
1225 1251 1252 1250 1
545 790 460 783 1
1635 1618 1983 1918 1
1274 1963 1686 1941 1
880 867 878 868 1
171 172 2049 166 1
524 1984 813 802 1
1837 1834 1686 1963 1
1962 1822 1697 1913 1
804 807 2071 824 1
1571 12 1919 1909 1
1851 1656 1923 1850 1
1080 1085 1064 1088 1
883 876 875 888 1
875 889 877 878 1
1773 84 1757 1781 1
1227 1229 1232 1233 1
1851 1923 1671 1850 1
172 168 2049 166 1
237 1120 2080 249 1
883 888 875 891 1
875 888 876 893 1
66 1939 218 1990 1
889 875 877 884 1
2044 204 66 2074 1
18 1920 16 34 1
1899 1489 1485 1488 1
887 2017 893 894 1
875 888 893 891 1
884 895 875 894 1
882 896 885 2012 1
642 891 875 894 1
893 875 891 894 1
895 642 875 894 1
247 237 1944 248 1
2012 896 885 642 1
897 882 879 896 1
898 885 882 896 1
897 882 896 898 1
247 1944 1158 248 1
916 936 937 938 1
207 66 219 1990 1
447 1982 905 955 1
58 1543 433 17 1
542 544 460 528 1
898 885 896 903 1
933 936 937 916 1
896 642 904 885 1
897 896 905 898 1
207 1939 66 1990 1
897 729 905 896 1
1797 1803 2006 1759 1
1778 1723 1713 2042 1
402 751 2021 1474 1
898 903 896 905 1
896 904 903 885 1
447 642 904 896 1
897 906 905 729 1
1641 1659 1175 1655 1
2041 1257 1192 1193 1
2077 360 370 359 1
906 897 947 912 1
896 910 890 729 1
910 906 729 905 1
2062 768 1109 811 1
733 859 2079 858 1
2078 258 835 136 1
905 910 447 896 1
1788 463 460 464 1
928 924 747 935 1
1324 1327 1315 1322 1
915 918 913 916 1
913 914 906 912 1
913 906 914 915 1
915 919 913 918 1
914 917 912 913 1
913 906 915 916 1
919 917 914 913 1
919 914 915 913 1
919 917 913 918 1
1956 1922 1763 865 1
920 918 915 916 1
920 919 915 918 1
916 908 915 921 1
915 920 916 921 1
916 920 922 921 1
920 918 916 922 1
922 923 916 921 1
924 928 747 916 1
278 463 460 1788 1
2025 612 1721 597 1
1018 1011 1013 1014 1
321 316 323 325 1
916 933 747 924 1
922 918 916 924 1
902 908 909 921 1
923 902 909 921 1
916 921 909 908 1
923 909 916 921 1
925 902 909 923 1
923 909 925 926 1
923 927 909 926 1
927 926 923 928 1
923 916 909 927 1
916 927 923 928 1
1194 1257 2041 1193 1
909 907 925 926 1
909 927 907 926 1
906 916 909 908 1
909 927 910 907 1
663 572 577 660 1
916 927 928 747 1
1516 1514 1095 1512 1
13 1999 11 1 1
1515 1516 1095 1512 1
1000 995 932 928 1
932 995 935 928 1
926 931 928 927 1
928 999 927 931 1
927 999 928 747 1
981 959 970 957 1
980 938 981 970 1
932 1000 928 929 1
1098 1093 1063 982 1
916 918 933 924 1
612 2047 597 622 1
918 933 937 916 1
906 905 938 946 1
924 933 747 934 1
970 957 959 961 1
934 933 747 936 1
918 913 939 917 1
1637 901 1648 1644 1
936 980 941 938 1
1093 820 2065 982 1
2017 887 874 884 1
1379 1154 1968 1388 1
1674 1758 870 1684 1
980 970 941 938 1
959 961 972 970 1
937 936 941 938 1
943 944 949 939 1
936 747 980 938 1
942 939 937 938 1
942 937 941 938 1
967 957 970 961 1
948 913 938 906 1
948 913 939 938 1
917 913 939 943 1
948 943 939 913 1
943 949 948 939 1
939 938 949 948 1
942 938 944 939 1
939 938 944 949 1
1530 1888 1875 1529 1
1328 1329 1327 1326 1
945 948 946 906 1
948 945 947 906 1
1327 1326 1322 1328 1
906 948 913 947 1
980 981 978 970 1
957 967 960 961 1
913 948 943 947 1
938 953 949 946 1
948 938 949 946 1
889 1013 1015 1018 1
943 950 949 944 1
944 938 952 949 1
949 938 952 953 1
950 944 952 949 1
852 2072 857 733 1
950 951 952 944 1
944 951 952 942 1
953 952 954 938 1
852 855 2072 733 1
957 954 938 953 1
36 1870 1872 1873 1
957 965 954 960 1
957 965 960 966 1
981 938 905 946 1
957 966 960 967 1
913 916 939 938 1
938 970 964 957 1
954 965 962 960 1
954 963 962 965 1
964 966 965 957 1
963 964 965 938 1
967 961 972 969 1
954 951 962 963 1
952 951 954 963 1
959 961 968 972 1
938 963 954 965 1
972 961 968 969 1
967 970 966 971 1
978 959 981 1892 1
1902 15 36 37 1
975 972 973 976 1
970 967 972 971 1
970 966 957 967 1
971 967 972 969 1
969 972 973 968 1
970 959 978 972 1
968 972 973 975 1
978 959 970 981 1
989 976 974 1010 1
747 927 987 930 1
972 977 975 1892 1
977 978 1892 972 1
1175 1663 1832 1662 1
975 972 976 977 1
972 1892 975 968 1
944 952 938 942 1
1892 959 968 972 1
992 987 747 988 1
747 981 978 980 1
978 959 1892 972 1
977 978 981 1892 1
1954 595 614 596 1
991 987 747 992 1
970 957 938 981 1
948 906 938 946 1
747 981 977 978 1
855 733 852 136 1
977 984 747 978 1
975 973 974 976 1
938 941 964 970 1
964 970 966 957 1
970 961 972 967 1
2036 892 881 652 1
981 957 938 953 1
981 977 983 930 1
981 1892 983 977 1
981 938 910 905 1
1713 1723 645 1726 1
747 938 910 981 1
981 938 946 953 1
1506 1511 1410 259 1
747 930 981 910 1
977 747 930 981 1
747 938 981 980 1
880 2036 881 652 1
930 991 747 977 1
984 980 747 978 1
936 980 747 984 1
1764 8 1 6 1
1982 981 905 955 1
935 747 994 990 1
1897 1506 1509 259 1
993 992 747 988 1
259 1506 1509 1410 1
880 652 881 868 1
927 985 987 930 1
927 985 988 987 1
1112 490 831 2034 1
1112 1932 490 2034 1
2007 1324 1323 1328 1
991 992 747 990 1
935 997 995 994 1
62 61 68 51 1
1638 1420 1626 1637 1
1328 1329 1324 1327 1
989 991 930 977 1
987 991 930 989 1
1696 1985 1815 1697 1
935 934 747 990 1
984 991 747 990 1
934 984 747 990 1
924 935 934 747 1
934 936 747 984 1
747 988 997 993 1
1010 991 989 976 1
994 747 993 990 1
987 991 747 930 1
747 997 988 927 1
928 995 935 999 1
1000 995 928 999 1
845 265 846 841 1
927 997 988 998 1
849 854 855 843 1
642 890 1013 1971 1
994 747 997 993 1
999 997 995 935 1
994 993 997 996 1
994 997 995 996 1
997 927 931 998 1
104 727 212 211 1
1000 995 999 997 1
995 997 1000 996 1
890 1013 1020 2053 1
927 999 997 931 1
747 999 997 927 1
747 997 999 935 1
928 935 747 999 1
926 931 927 1001 1
931 927 1001 998 1
104 766 727 211 1
926 1001 927 907 1
927 998 985 1001 1
998 988 927 985 1
1648 1950 2018 901 1
926 907 1004 1001 1
747 994 997 935 1
1007 1024 1017 447 1
1969 1972 1681 1694 1
930 985 987 1006 1
1007 2058 1006 1013 1
1005 2058 1006 985 1
1006 930 1007 1008 1
981 1007 910 930 1
1006 930 1008 989 1
1008 930 1007 1009 1
1006 930 989 987 1
1007 930 981 1009 1
989 930 1008 1009 1
981 983 1009 930 1
989 930 1009 983 1
989 930 983 977 1
747 992 993 990 1
1010 991 987 989 1
991 1010 987 992 1
1011 1012 1013 1006 1
1013 1005 1006 1012 1
1006 1011 1014 1013 1
1980 1692 911 1895 1
1014 1007 1006 1013 1
1969 1681 1691 1698 1
1006 1007 1014 1008 1
1014 1007 1013 1015 1
2007 314 1335 1323 1
1007 1016 1015 1014 1
858 2079 874 859 1
2007 1330 1335 314 1
1008 1007 1014 1016 1
1638 1631 1420 1639 1
48 735 766 727 1
1007 1016 1009 1017 1
1008 1007 1016 1009 1
1009 981 1007 1017 1
938 964 965 957 1
1015 895 884 1025 1
1015 1019 1018 1014 1
1015 1016 1019 1014 1
859 861 1043 1051 1
45 51 47 65 1
2003 5 1 1906 1
1962 1697 1821 1826 1
1901 1481 282 1479 1
957 938 954 965 1
882 2012 885 1922 1
1819 1962 1821 1826 1
47 67 63 65 1
1024 1026 447 642 1
1015 1023 1016 1024 1
806 1083 812 2071 1
1898 1880 1173 3 1
1015 642 895 1025 1
1040 889 1682 1043 1
884 1019 1021 1018 1
1023 1015 1022 1025 1
1021 1022 1019 884 1
642 447 1031 1026 1
856 1060 855 1051 1
1015 1023 1024 1025 1
1019 1023 1016 1015 1
904 1031 642 447 1
1015 1024 447 642 1
1016 1024 1017 1007 1
1024 1026 642 1025 1
1017 1027 447 1024 1
1027 1026 447 1024 1
1199 1204 1196 1202 1
1017 1028 447 1027 1
981 1029 1017 1009 1
1028 981 958 1017 1
1017 981 958 1029 1
1002 1003 1682 2053 1
1682 1012 889 1040 1
903 904 447 1030 1
1002 1013 2053 1682 1
897 906 899 912 1
447 1027 1030 1026 1
1274 1816 2033 1829 1
702 706 778 435 1
528 458 460 273 1
728 48 766 727 1
1030 447 955 1028 1
447 1028 1030 1027 1
904 1031 447 1030 1
447 1030 1031 1026 1
1032 642 895 894 1
1299 1304 1306 1305 1
1032 1026 642 894 1
1025 642 895 1032 1
1305 1306 1310 1304 1
1025 1026 642 1032 1
642 1031 894 1026 1
891 894 642 1031 1
891 1031 642 904 1
1022 1025 884 1032 1
1033 1032 884 894 1
1033 1022 884 1032 1
884 1032 895 894 1
806 1917 2071 812 1
884 874 1034 887 1
884 874 1035 1034 1
1036 877 874 884 1
887 884 1033 1034 1
1036 874 1035 884 1
1033 884 1035 1034 1
2007 1330 314 1916 1
894 884 1033 887 1
1021 1036 1035 884 1
1033 884 1022 1035 1
1328 1330 1335 2007 1
1021 1035 1022 884 1
1020 1004 1046 907 1
1015 1019 884 1018 1
1036 884 1021 1037 1
1037 884 1021 1018 1
1038 1036 1037 877 1
1039 877 1038 1037 1
1039 889 877 1037 1
877 884 1036 1037 1
1039 889 1037 1011 1
877 889 884 1037 1
1752 86 135 88 1
1039 889 1011 1040 1
1040 889 1011 1012 1
1012 1011 1013 889 1
64 1289 10 1898 1
2037 673 683 672 1
1083 1084 812 1976 1
1012 1013 1005 1002 1
260 864 1970 869 1
901 1950 2018 1914 1
1013 2053 1005 1002 1
115 116 145 2046 1
116 2046 146 145 1
1692 1274 1941 1972 1
1915 1084 1976 822 1
1043 889 1039 1040 1
7 1289 10 64 1
1043 889 877 1039 1
688 2037 683 672 1
1692 1694 1274 1972 1
1577 1614 2029 1580 1
1083 1084 1976 1915 1
869 846 1082 864 1
356 358 357 2075 1
1976 813 822 1087 1
358 364 357 2075 1
358 364 2075 355 1
1577 2029 1850 1580 1
1042 1003 1004 1020 1
1849 2029 1580 1850 1
1042 1020 1004 1045 1
1987 1924 481 495 1
498 1924 1987 495 1
1045 1020 925 1044 1
1045 1004 1046 1020 1
1020 1004 907 2053 1
925 1020 1045 1046 1
925 907 1020 1046 1
1581 1578 1919 2066 1
42 2019 1934 31 1
2056 1376 1508 1411 1
878 1048 1045 1047 1
1045 878 1047 1042 1
878 880 1048 867 1
878 1048 1044 1045 1
878 880 1044 1048 1
2031 1911 166 150 1
2072 1051 861 859 1
261 813 820 2060 1
807 830 841 824 1
841 1064 1062 1061 1
861 1049 1043 1051 1
859 858 1055 1053 1
877 1038 874 859 1
1050 1051 1043 1052 1
20 2 25 28 1
856 858 1055 859 1
1041 1051 1052 1043 1
861 1043 877 859 1
1061 835 1062 841 1
1043 1041 1040 1052 1
1050 1043 1039 1052 1
859 1038 1050 1043 1
1050 1043 1038 1039 1
1052 1043 1039 1040 1
1043 877 859 1038 1
1043 877 1038 1039 1
1152 247 218 1149 1
874 1038 1053 859 1
260 1970 1074 1078 1
874 1036 1053 1038 1
859 1054 1050 1038 1
1038 1053 859 1054 1
1061 1066 1063 1059 1
1054 859 1055 1053 1
858 1056 1055 1053 1
858 859 874 1053 1
1053 1056 874 858 1
1036 874 1053 1056 1
1051 1050 859 856 1
1063 1066 1093 1059 1
856 859 1055 1054 1
859 1054 856 1050 1
1055 1057 856 1054 1
1058 1054 856 1057 1
1058 1054 1050 856 1
1059 1058 1060 856 1
1059 1058 856 1057 1
1060 1058 1050 856 1
1015 1024 1016 1007 1
856 1060 1051 1050 1
258 1060 856 1059 1
258 856 1061 1059 1
856 1059 1057 1061 1
215 212 208 1929 1
1060 855 258 856 1
432 427 773 2004 1
1100 1099 1102 982 1
1563 44 433 58 1
1061 1063 1062 835 1
1064 1065 1062 1061 1
1061 1066 1062 1063 1
1601 1576 1604 2054 1
1061 1063 835 258 1
747 916 910 938 1
260 869 1970 1078 1
1062 1061 1069 1066 1
1061 1062 1069 1065 1
258 1059 1061 1063 1
1061 1057 1066 1059 1
1834 1835 1907 1751 1
1829 1817 1816 2033 1
1067 1065 1061 1070 1
419 222 284 1706 1
1069 1061 1057 1066 1
1061 1069 1070 1065 1
1067 1061 1068 1070 1
427 777 773 2004 1
773 777 1908 2004 1
84 1757 1755 1753 1
1055 1068 1070 1071 1
1055 858 1071 1056 1
1068 1072 858 1073 1
868 652 881 879 1
1525 1910 1467 1465 1
858 1068 1073 1074 1
1073 1075 1072 858 1
1068 1072 1070 1071 1
858 1073 873 1074 1
1075 1073 1076 858 1
858 1075 1072 1056 1
1074 260 873 858 1
858 1072 1071 1056 1
858 1073 1076 873 1
874 1076 887 876 1
873 876 1076 874 1
1076 873 874 858 1
1929 2074 208 207 1
1089 1082 841 807 1
1034 1076 887 874 1
1089 807 841 824 1
1074 871 873 260 1
873 871 1077 876 1
873 876 1077 1076 1
874 1056 1035 1034 1
1036 1056 1035 874 1
1076 1077 887 876 1
876 871 1077 888 1
876 888 1077 893 1
1077 876 893 887 1
876 883 865 872 1
876 871 883 872 1
883 871 876 888 1
260 871 869 1078 1
871 260 1074 1078 1
261 982 821 2065 1
260 1995 1970 864 1
1068 1080 1073 1074 1
1013 890 1020 1971 1
2068 346 340 347 1
1067 1088 1073 1068 1
1067 1088 1068 1061 1
2071 1917 804 813 1
1067 1088 1061 1065 1
1498 1503 1953 1897 1
1079 841 1083 1081 1
84 1718 1753 1722 1
822 1085 1086 1064 1
1087 1085 1086 822 1
1084 1087 822 1085 1
1707 222 1712 419 1
1064 1085 1086 1088 1
459 451 458 1788 1
561 562 2015 1935 1
2013 1093 1092 1094 1
1588 1961 1442 2045 1
569 566 2015 567 1
1961 851 1442 2045 1
419 284 1895 1692 1
1682 1013 1971 889 1
2015 566 561 567 1
1984 802 1917 813 1
273 493 460 528 1
1082 1083 841 1081 1
1963 1829 1663 1274 1
34 35 38 1934 1
1068 1088 1073 1080 1
1067 1068 1073 1072 1
1072 1070 1067 1068 1
1090 1086 1088 1064 1
1067 1090 1088 1065 1
869 846 1970 1078 1
2078 136 835 841 1
1079 1064 1080 1085 1
434 420 436 429 1
857 2072 1978 861 1
419 1692 1698 284 1
8 2003 1 1996 1
1963 1833 1663 1829 1
1237 1240 186 1241 1
1092 1062 1069 1066 1
1062 1092 1069 1065 1
1109 2024 2023 2048 1
1092 1066 1093 1063 1
176 1241 1237 186 1
241 236 238 2004 1
1352 1590 1331 1325 1
2010 31 2019 51 1
2052 1059 1063 1096 1
1097 1093 1059 1063 1
1063 1059 1097 1096 1
1096 1060 2052 1059 1
982 1093 1063 2013 1
1098 1093 1097 1063 1
245 244 264 271 1
1093 1092 1063 2013 1
1096 1099 1100 1063 1
1063 1097 1098 1096 1
1096 1063 1100 1098 1
1062 1063 821 835 1
771 212 1929 257 1
906 899 914 915 1
47 51 67 65 1
1101 1060 2052 1096 1
258 856 733 1061 1
1946 2066 6 1568 1
835 1099 834 839 1
835 1099 839 840 1
612 1954 615 613 1
1101 1060 855 258 1
1609 1618 1669 1668 1
1060 855 1051 1101 1
855 853 1051 1101 1
204 218 2008 66 1
267 424 2014 244 1
1118 2062 820 813 1
2 1173 22 1994 1
1487 1965 1490 1494 1
726 242 236 431 1
1098 820 1104 1103 1
679 671 673 674 1
1995 846 1970 864 1
419 1896 911 1895 1
480 489 488 1987 1
1102 1098 820 1104 1
1251 1224 1245 1250 1
909 910 890 907 1
613 1954 618 596 1
1975 329 325 328 1
1675 1952 1923 1658 1
2071 1917 813 812 1
668 2037 687 688 1
1083 2071 824 1915 1
426 737 735 770 1
1964 1478 1477 1910 1
1671 1680 1677 787 1
1950 1667 1666 1665 1
1950 1666 1663 1665 1
1850 1670 1656 1923 1
1108 1107 524 813 1
1108 813 524 815 1
2037 687 683 673 1
1108 1087 813 815 1
688 687 683 2037 1
1107 525 522 524 1
524 525 1106 1107 1
1107 522 1108 524 1
810 518 522 538 1
264 281 263 1533 1
264 281 1533 271 1
810 522 524 815 1
1108 522 815 524 1
613 1954 1940 618 1
895 642 1015 1013 1
524 519 1106 525 1
1106 1105 512 520 1
520 1105 512 1103 1
1711 222 419 1712 1
1571 6 1909 2066 1
892 1020 925 907 1
777 237 1908 238 1
1486 1478 1964 1910 1
1114 281 274 271 1
2035 811 515 523 1
1695 419 1700 1712 1
1503 1925 1897 1509 1
1110 515 1111 811 1
1110 515 811 831 1
1410 1428 1511 1514 1
831 811 1110 825 1
767 766 104 124 1
1428 1513 1511 1514 1
310 1916 311 277 1
2006 1806 1754 1759 1
89 206 209 257 1
2034 814 523 802 1
1659 1950 1663 1661 1
1110 490 483 515 1
389 1955 394 392 1
1110 515 483 1111 1
490 515 1110 831 1
483 515 516 1111 1
884 875 2017 894 1
2012 642 885 1922 1
514 808 523 832 1
1328 1979 1330 1329 1
93 1437 102 135 1
523 808 801 814 1
848 867 1978 850 1
863 867 848 850 1
788 789 486 498 1
788 487 498 486 1
498 487 491 486 1
1113 487 786 462 1
487 462 1113 485 1
453 462 487 485 1
453 450 462 485 1
1113 462 290 281 1
449 281 450 462 1
1113 462 281 449 1
1113 462 786 290 1
449 485 462 450 1
1113 462 449 485 1
289 1113 290 281 1
289 1114 1113 281 1
1113 281 1114 449 1
289 1113 786 290 1
863 857 848 867 1
1114 281 448 449 1
1114 271 294 339 1
1114 281 271 448 1
1114 448 271 339 1
289 294 1114 274 1
289 274 1114 281 1
1427 102 93 1437 1
848 857 1978 867 1
249 248 251 1122 1
339 448 271 351 1
271 272 339 267 1
351 271 339 267 1
1155 634 1141 1144 1
272 300 339 267 1
271 294 339 272 1
339 272 294 300 1
300 339 267 335 1
334 294 300 339 1
251 248 1123 1122 1
300 339 335 334 1
294 300 295 334 1
424 252 244 267 1
424 243 244 252 1
266 2032 253 249 1
266 249 253 1115 1
266 1115 253 1116 1
266 1115 1116 1117 1
266 253 270 1116 1
1116 1117 296 266 1
270 1116 296 266 1
1696 284 1692 1895 1
291 296 266 270 1
224 227 225 229 1
225 232 220 1990 1
253 249 251 1115 1
419 1707 222 1706 1
1119 253 251 1115 1
251 253 1119 254 1
250 1127 1128 251 1
253 1115 1119 1116 1
254 253 1119 1116 1
1692 1696 1274 1702 1
270 253 254 1116 1
231 223 225 229 1
1020 2036 1044 1971 1
777 1120 237 249 1
845 841 846 1082 1
1130 296 1131 297 1
243 777 237 249 1
249 1121 248 1122 1
1410 1407 1981 1511 1
249 1122 251 1115 1
248 1121 1123 1122 1
1121 1124 1123 1122 1
251 1123 1119 1122 1
1136 1125 1129 1119 1
251 1122 1119 1115 1
1408 1412 1416 1405 1
1123 1124 1125 1126 1
1115 1122 1119 1117 1
1523 1416 1422 1408 1
1122 1126 1119 1117 1
296 1131 297 1132 1
1953 1505 1504 1925 1
323 316 313 1975 1
1119 1115 1117 1116 1
1129 1137 1135 1128 1
251 1127 1128 1119 1
1129 1135 1127 1128 1
251 1119 1128 254 1
1129 1128 1127 1119 1
254 1119 1128 1116 1
1116 1129 1119 1128 1
1116 1129 1117 1119 1
1119 1117 1126 1129 1
1117 1126 1129 1130 1
1130 1117 1116 1129 1
1116 296 1117 1130 1
1117 1126 1130 1131 1
1130 296 1117 1131 1
2030 24 2 27 1
296 1117 1131 1132 1
1131 1126 1133 1117 1
1144 1145 1142 1136 1
1117 1131 1132 1133 1
1128 1116 1129 275 1
254 275 1116 1128 1
1129 1116 1130 275 1
254 270 1116 275 1
275 1116 1130 286 1
1116 296 1130 286 1
270 296 1116 286 1
270 286 1116 275 1
1130 275 286 1134 1
1134 275 286 285 1
286 296 1130 297 1
1129 1128 275 1134 1
1130 1129 275 1134 1
1136 1125 1119 1146 1
228 235 2070 221 1
706 711 778 435 1
285 1134 275 644 1
1134 644 1128 275 1
285 1134 644 640 1
275 285 644 262 1
460 649 458 650 1
276 285 262 279 1
646 285 644 640 1
262 285 644 646 1
644 256 1128 275 1
275 256 1128 254 1
275 262 644 256 1
250 1127 235 1128 1
1412 1519 1416 1518 1
250 235 256 1128 1
1127 1135 235 1128 1
204 1939 218 66 1
256 250 1128 254 1
256 235 644 1128 1
634 631 633 1148 1
1128 1135 235 644 1
1129 1136 1127 1135 1
1980 1274 1686 1941 1
1686 1689 1980 1941 1
1142 633 1148 634 1
1128 1137 1135 644 1
1141 1151 1144 1146 1
250 247 1151 1127 1
1128 1134 1137 644 1
1129 1128 1134 1137 1
1147 1145 1142 1170 1
1170 1145 1142 1144 1
1119 1126 1125 1129 1
1136 1138 1129 1125 1
1126 1138 1125 1129 1
1144 1187 1151 1155 1
1129 1139 1130 1126 1
1129 1139 1126 1138 1
1129 1137 1139 1138 1
1139 1129 1134 1137 1
1130 1129 1134 1139 1
644 1134 1137 640 1
1137 1135 1140 1129 1
1137 636 1135 644 1
1137 1140 1138 1129 1
1137 638 1140 1135 1
1137 636 644 640 1
1135 1137 638 636 1
235 1127 1141 1135 1
1135 1127 1141 1136 1
1635 1611 1618 1918 1
1135 1141 1142 1136 1
1135 637 1142 1141 1
1135 1136 1142 1143 1
1613 1617 2026 1619 1
1135 635 235 644 1
638 1135 1142 1143 1
1135 1140 1136 1143 1
637 635 1135 636 1
1135 636 635 644 1
638 1135 637 1142 1
638 1140 1135 1143 1
637 1135 638 636 1
1143 638 633 1142 1
1142 638 633 637 1
1144 1145 1136 1146 1
1144 1146 1136 1141 1
1147 1170 1142 719 1
1142 719 1148 1147 1
719 1170 1142 1144 1
634 1156 1142 1144 1
1336 1337 421 1301 1
719 1177 1170 1178 1
1147 1143 1142 1145 1
1143 1147 1142 1148 1
1148 1142 1156 719 1
719 1142 1156 1144 1
1141 634 637 1142 1
186 1241 188 1282 1
1144 719 1170 1178 1
1143 633 1148 1142 1
1142 634 1148 1156 1
1143 1136 1142 1145 1
1142 637 633 634 1
1156 631 634 1148 1
1141 637 635 1135 1
1141 634 233 637 1
1144 1151 1152 1146 1
1152 1146 1153 1144 1
1496 1498 1500 1926 1
1475 2021 1473 1472 1
1152 1187 1151 1144 1
1272 1267 1270 1273 1
1270 1267 1269 1273 1
1127 1146 1151 1141 1
1754 1719 84 1722 1
1187 1156 1155 1144 1
1155 1141 233 1151 1
1337 1332 421 1301 1
235 1151 1141 1127 1
1151 1141 233 235 1
1155 634 233 1141 1
1127 1146 1141 1136 1
1061 1069 1057 1070 1
1057 1069 1055 1070 1
631 634 1157 1156 1
631 632 1157 634 1
1151 233 219 232 1
219 1155 233 1151 1
1151 233 232 235 1
221 235 232 233 1
419 222 1895 284 1
1933 1381 1375 1379 1
228 235 234 643 1
419 222 1896 1895 1
232 235 250 1151 1
250 1151 235 1127 1
1412 1518 1416 1405 1
218 210 1973 1149 1
219 1151 232 218 1
1657 1654 2011 1660 1
232 250 225 220 1
733 136 2078 846 1
1375 1381 1373 1366 1
421 1332 1339 1301 1
256 235 643 644 1
225 250 256 254 1
2007 1328 1330 1324 1
228 235 643 256 1
228 225 256 230 1
648 228 256 230 1
648 228 643 256 1
643 256 262 648 1
643 256 644 262 1
1274 1696 1980 1686 1
262 644 643 646 1
1129 1135 1140 1136 1
399 437 751 400 1
247 1146 251 248 1
251 248 1146 1123 1
247 1146 1127 251 1
1152 218 1279 1149 1
1162 1125 1136 1160 1
1660 1654 2011 1952 1
253 2032 239 249 1
247 1146 1151 1127 1
437 2021 751 400 1
1152 1146 247 1158 1
247 1158 1146 248 1
1151 1146 247 1152 1
1153 1146 1152 1158 1
1146 248 1158 1123 1
1138 1125 1164 1161 1
1138 1161 1126 1125 1
218 219 1151 1152 1
1152 219 1151 1187 1
219 1155 1151 1187 1
1127 251 1146 1119 1
1136 1119 1127 1146 1
1144 1136 1142 1141 1
1145 1144 1153 1146 1
1146 1153 1145 1159 1
1123 1160 1159 1146 1
1146 1159 1145 1160 1
1175 1950 901 473 1
1125 1146 1160 1123 1
1123 1125 1146 1119 1
1138 1161 1164 1163 1
1136 1160 1146 1145 1
321 316 308 1960 1
1144 1170 1276 1178 1
1136 1162 1138 1125 1
1145 1153 1170 1169 1
1140 1138 1136 1162 1
905 910 1982 447 1
1145 1159 1169 1160 1
1165 1163 1126 1138 1
1126 1139 1165 1138 1
1138 1125 1162 1164 1
1162 1136 1145 1160 1
1160 1166 1167 1125 1
1160 1125 1167 1162 1
1125 1166 1167 1164 1
1125 1161 1166 1164 1
1162 1125 1167 1164 1
1162 1168 1145 1143 1
464 463 460 790 1
2050 415 412 429 1
1162 1160 1145 1168 1
1143 1162 1136 1145 1
1168 1160 1167 1162 1
1143 1140 1136 1162 1
1143 1168 1145 1147 1
1168 1145 1170 1169 1
1168 1170 1147 1171 1
241 2032 238 239 1
1168 1145 1169 1160 1
1168 1145 1147 1170 1
483 480 476 1421 1
1183 1177 1176 1179 1
1645 1647 1912 1644 1
496 2005 1721 607 1
1168 1174 1160 1169 1
1148 1179 719 1156 1
1689 870 1969 1941 1
1168 1160 1174 1167 1
1183 1178 1177 1179 1
1153 1144 1145 1170 1
251 1123 1146 1119 1
10 1289 1999 1898 1
719 1176 1148 1147 1
1144 1187 1156 719 1
1912 1649 1647 1651 1
2062 1109 520 811 1
1659 1675 1952 1923 1
2062 1104 520 1109 1
1645 1619 1647 1644 1
719 1187 1156 1179 1
1336 1301 1979 1333 1
1148 1176 1179 1180 1
1237 1232 1241 1236 1
1148 1180 1179 1156 1
1332 1301 1333 1326 1
397 396 437 394 1
1939 1929 2074 257 1
817 827 818 804 1
1176 1182 1177 1183 1
1176 1182 1183 1184 1
1182 1176 1185 1184 1
1176 1181 1171 1177 1
1179 1176 1183 1184 1
1179 1184 1185 1176 1
598 600 2027 595 1
1179 1176 1185 1180 1
1180 1176 1185 1186 1
1180 1176 1186 1148 1
1180 1186 631 1148 1
1156 1180 631 1148 1
1639 1633 1420 1637 1
1178 1187 719 1179 1
1188 1179 1180 1156 1
1180 1157 1188 1156 1
1157 1180 631 1156 1
1189 1180 1185 1186 1
1189 1179 1185 1180 1
1189 1188 1180 1186 1
1189 1188 1179 1180 1
1186 1157 1188 1180 1
1157 1186 631 1180 1
625 1186 626 631 1
625 631 626 628 1
625 1186 631 1157 1
631 628 625 1157 1
631 632 628 1157 1
1186 1157 625 1188 1
438 735 732 48 1
1190 1189 1185 1186 1
1697 1904 1895 1713 1
1190 625 1189 1186 1
1186 1191 625 626 1
1189 625 1188 1186 1
1697 645 1904 1713 1
625 1191 624 626 1
1123 1159 1158 1146 1
1339 1325 1329 1951 1
804 827 818 823 1
1843 1751 1914 1684 1
1251 1245 1249 1250 1
624 1191 627 626 1
624 621 627 1196 1
627 1196 621 1198 1
620 627 621 1198 1
621 1196 1199 1198 1
1198 620 1200 621 1
1419 1422 1423 1424 1
620 615 1200 621 1
437 1966 401 396 1
1196 1198 627 1197 1
1201 1194 1195 1196 1
1197 1201 1195 1196 1
1196 1194 1202 1201 1
1196 1201 1202 1197 1
419 1698 1700 1712 1
1480 1899 1479 1964 1
1480 1899 1487 1485 1
1199 1205 1198 1204 1
756 757 731 753 1
1480 1964 1477 1487 1
756 757 766 731 1
1200 617 1205 2038 1
1202 1207 1203 1206 1
1211 1214 1210 1212 1
1194 1210 1201 1195 1
1194 1207 1201 1210 1
1194 1207 1202 1201 1
1201 1207 1211 1210 1
1209 1213 1214 1212 1
1211 1209 1214 1212 1
1215 1216 1208 1212 1
1215 1212 1208 1217 1
1208 1213 1212 1216 1
1211 1212 1217 1208 1
1207 1208 1211 1217 1
1194 1210 1217 1207 1
1207 1217 1211 1210 1
1211 1210 1217 1212 1
1217 1218 1219 1220 1
1217 1210 1220 1219 1
1212 1218 1219 1217 1
1194 1210 1220 1217 1
1212 1210 1217 1219 1
1215 1218 1212 1217 1
1360 2020 1379 1382 1
1221 1222 1215 1216 1
1383 2020 1379 1360 1
1223 1224 1225 1218 1
1225 1219 1223 1218 1
1221 1224 1223 1218 1
1220 1218 1219 1225 1
1218 1219 1223 1226 1
1380 2020 1382 1379 1
1212 1226 1219 1218 1
1380 1384 1382 2020 1
1360 1384 2020 1382 1
1212 1214 1219 1226 1
1212 1213 1214 1226 1
1212 1213 1226 1216 1
1223 1227 1216 1228 1
1216 1227 1229 1228 1
1223 1227 1221 1216 1
1222 1227 1229 1216 1
1227 1222 1221 1216 1
1988 2023 501 2048 1
1231 1227 1230 1232 1
1223 1227 1228 1251 1
1228 1227 1229 1230 1
1428 1513 1408 1412 1
1223 1224 1221 1227 1
1587 2045 1623 5 1
1229 1233 1227 1222 1
1845 1684 1689 1843 1
1407 1513 1428 1412 1
1234 1236 1232 1235 1
1237 1236 1235 1232 1
1238 1231 1232 1239 1
1230 1232 1238 1231 1
2018 1758 1674 1914 1
1230 1232 1236 1238 1
1927 2018 1674 1914 1
1232 1234 1230 1236 1
1927 1912 901 1914 1
1909 1601 1585 1586 1
206 211 133 107 1
1575 1576 268 1948 1
1245 1551 1243 1246 1
1245 1246 1243 1244 1
186 1240 1239 187 1
1239 184 183 186 1
184 186 1239 187 1
183 184 1239 1242 1
183 1242 1239 1243 1
1242 1243 1244 1239 1
1242 187 184 1239 1
1244 1243 1231 1239 1
187 1242 1244 1239 1
1238 1231 1239 1244 1
1238 1239 187 1244 1
1231 1238 1230 1244 1
1148 1176 719 1179 1
1244 1248 1247 1243 1
1246 1247 1243 1244 1
1249 1245 1244 1246 1
1244 1248 1243 1242 1
1244 1245 1231 1243 1
1249 1245 1231 1244 1
1249 1231 1230 1244 1
1250 1249 1246 1245 1
520 1109 2023 515 1
520 1104 2024 1109 1
1988 2048 501 500 1
1695 1711 911 419 1
1252 1225 1223 1251 1
1223 1224 1227 1251 1
1980 1696 1962 1686 1
1254 1253 1252 1250 1
1252 1253 1254 1255 1
1252 1253 1255 1225 1
1255 1256 1254 1252 1
1225 1257 1255 1252 1
1256 1257 1252 1255 1
1225 1219 1252 1223 1
729 881 879 899 1
1225 1224 1223 1251 1
1256 1255 1258 1257 1
1257 1258 1256 1192 1
1190 1257 1192 1258 1
2004 777 1908 238 1
1193 1257 1192 1190 1
1972 1690 1274 1685 1
45 47 63 65 1
1258 1259 1256 1192 1
1190 1258 1192 1259 1
1190 1259 1192 1185 1
1190 1258 1259 1260 1
1190 1260 1259 1184 1
1190 1259 1185 1184 1
1189 1184 1190 1185 1
1254 1261 1259 1255 1
1254 1262 1259 1261 1
1254 1255 1259 1256 1
1255 1261 1259 1260 1
1170 1280 1153 1276 1
1256 1255 1259 1258 1
1259 1258 1255 1260 1
1177 1269 1178 1264 1
1265 1262 1259 1182 1
1265 1260 1184 1259 1
1265 1259 1184 1182 1
1182 1185 1259 1184 1
1179 1184 1189 1185 1
1263 1179 1178 1183 1
1178 1263 1187 1179 1
1264 1265 1184 1182 1
1183 1182 1264 1184 1
1263 1264 1183 1178 1
202 2000 1424 769 1
1264 1262 1182 1181 1
1264 1262 1265 1182 1
816 827 817 804 1
1266 1262 1267 1264 1
1264 1262 1267 1268 1
1266 1267 1269 1264 1
1266 1262 1264 1181 1
1262 1264 1265 1268 1
1266 1264 1269 1181 1
1269 1267 1270 1264 1
1178 1271 1270 1276 1
1264 1270 1269 1178 1
1269 1178 1270 1276 1
1178 1270 1271 1264 1
1271 1264 1263 1178 1
1272 1273 1271 2008 1
1272 1273 1270 1271 1
521 538 518 810 1
1498 1501 1953 1926 1
521 538 513 518 1
1271 1275 1273 1276 1
1270 1271 1273 1276 1
219 1271 1187 1275 1
1275 1276 1271 1178 1
1275 1271 1187 1178 1
1424 1419 198 769 1
769 2000 1424 1419 1
1178 1271 1187 1263 1
1177 1269 1264 1181 1
1183 1177 1264 1182 1
1276 1269 1178 1177 1
1303 1295 1172 1298 1
1170 1177 1276 1178 1
1290 1296 1159 1160 1
1273 1269 1276 1278 1
1273 1279 1278 1276 1
1269 1280 1276 1278 1
1269 1270 1273 1276 1
1275 1279 1273 1276 1
70 69 75 94 1
1177 1269 1280 1276 1
1276 1280 1153 1278 1
1276 1153 1279 1278 1
1288 1290 1159 1121 1
1276 1275 1279 1152 1
1177 1280 1170 1276 1
423 417 2014 271 1
711 438 431 439 1
1288 1159 1158 1121 1
1152 1276 1275 1178 1
823 827 825 816 1
1487 1490 1965 1899 1
1152 1276 1178 1144 1
1938 404 399 403 1
1276 1152 1153 1144 1
1187 1275 1178 1152 1
1187 1178 1144 1152 1
219 1275 1187 1152 1
2057 493 1924 486 1
219 1275 1152 218 1
244 227 246 2032 1
1641 901 1912 473 1
99 107 101 89 1
1454 91 1427 1424 1
1275 218 1279 1152 1
1152 1149 1279 1158 1
1292 1169 1287 1159 1
795 517 798 796 1
218 220 210 247 1
220 237 210 247 1
1624 1622 900 1595 1
1626 1420 1638 1625 1
1963 473 1751 1663 1
499 497 536 513 1
2027 600 554 602 1
268 1574 1572 1948 1
1578 1919 1571 1573 1
513 798 517 796 1
243 237 777 238 1
1279 1284 1281 1158 1
1158 1284 1281 1285 1
1158 1286 1285 1281 1
1978 860 852 850 1
1158 1278 1287 1281 1
1158 1287 1286 1281 1
1121 1286 1158 1288 1
1473 2021 400 751 1
424 242 2014 241 1
1286 1287 1158 1288 1
1240 1238 1241 1232 1
1158 1121 1123 248 1
1123 1290 1159 1160 1
2024 512 507 1103 1
1288 1287 1158 1159 1
1295 1169 1172 1294 1
1124 1123 1290 1121 1
1288 1290 1292 1159 1
1018 1013 1015 1014 1
1292 1296 1169 1159 1
1287 1153 1159 1169 1
607 604 496 608 1
1288 1291 1287 1292 1
1158 1153 1159 1287 1
1174 1169 1293 1160 1
1138 1163 1126 1161 1
1543 31 1993 3 1
1280 1170 1169 1171 1
1153 1280 1170 1169 1
8 2030 1909 1946 1
1287 1280 1153 1169 1
1183 1177 1178 1264 1
1295 1296 1293 1169 1
1145 1169 1159 1153 1
1172 1168 1169 1174 1
1169 1292 1294 1295 1
36 1873 1890 22 1
36 15 22 1890 1
714 5 4 1999 1
36 1868 2010 47 1
1179 1177 1176 719 1
862 1763 1956 863 1
1174 1293 1166 1160 1
1174 1295 1172 1303 1
439 711 438 712 1
36 22 2010 1868 1
1160 1166 1174 1167 1
1956 862 865 1763 1
1394 1172 1169 1294 1
1293 1296 1160 1169 1
22 1868 1555 2010 1
2012 892 652 879 1
642 892 652 2012 1
1166 1160 1290 1124 1
1290 1296 1292 1159 1
1166 1160 1293 1290 1
240 242 241 2014 1
1293 1160 1296 1290 1
1174 1297 1166 1293 1
1174 1297 1293 1295 1
1659 1950 901 1175 1
1169 1296 1160 1159 1
1296 1292 1169 1295 1
1292 1291 1169 1294 1
1719 1720 1709 940 1
1291 1396 1169 1294 1
1722 1720 1719 940 1
2007 1916 314 1323 1
1295 1298 1303 1299 1
1295 1299 1174 1297 1
1303 1298 1300 1299 1
1722 1710 1719 1720 1
896 447 905 903 1
1305 1299 1304 1302 1
1308 1309 1314 2064 1
1667 787 1664 1665 1
1307 1308 2064 1309 1
1719 1710 1709 1720 1
218 1284 1279 1149 1
1295 1294 1172 1298 1
711 439 710 712 1
1985 2033 1696 1817 1
1297 1299 1174 1306 1
1174 1297 1307 1166 1
1174 1297 1306 1307 1
1307 1297 1309 1166 1
1307 1297 1306 1308 1
1307 1297 1308 1309 1
1310 1307 1174 1306 1
1174 1166 1307 1167 1
1310 1308 1307 1306 1
1167 1166 1307 1164 1
1310 1308 1311 1307 1
1164 1166 1307 1309 1
1310 1311 1312 1307 1
2038 1199 616 1205 1
1164 1309 1307 1313 1
1498 1897 1511 1506 1
696 664 689 699 1
1310 1308 1306 1305 1
1311 1308 1310 1305 1
1198 1199 2038 1205 1
2013 821 822 1064 1
1161 1166 1164 1309 1
1161 1309 1164 1163 1
1309 1163 1161 1314 1
1163 1309 1164 1313 1
1309 1313 1163 1314 1
1313 1314 1165 1163 1
1165 1313 1316 1314 1
2065 2060 1086 822 1
2065 1086 2013 822 1
1317 1314 1316 1313 1
1091 2060 1086 2065 1
665 2022 666 579 1
1094 2065 1091 2013 1
1163 1314 1126 1161 1
1165 1163 1314 1126 1
1316 1133 1317 1320 1
1133 1316 1314 1165 1
1319 1317 1314 1133 1
4 1880 1999 1289 1
1319 1317 1315 1314 1
1317 1133 1319 1320 1
675 581 670 2043 1
1133 1320 304 1319 1
1317 1320 2059 1321 1
1317 1319 1315 1322 1
1380 1154 1387 1968 1
1319 1324 1315 1322 1
528 458 273 459 1
1935 2022 579 575 1
1317 1322 1315 1318 1
1325 1312 1311 1315 1
1312 1315 1326 1318 1
1325 1326 1312 1315 1
1322 1326 1315 1318 1
1322 1327 1315 1326 1
34 1934 38 1902 1
981 946 905 955 1
1324 1323 1328 1322 1
873 260 874 858 1
1926 1502 1500 1900 1
1328 1329 1330 1324 1
2059 311 1321 1320 1
1197 1201 1202 1206 1
1332 421 1342 1343 1
579 573 1935 576 1
579 1935 575 576 1
260 876 873 874 1
1719 1716 2042 84 1
733 260 857 1995 1
2013 1092 1065 1091 1
235 250 2070 232 1
304 311 2059 1320 1
939 916 937 938 1
2013 1091 1094 1092 1
389 1955 392 385 1
1955 391 392 385 1
1203 1202 1204 1199 1
1716 84 1719 940 1
1328 1334 2009 1979 1
304 311 1320 298 1
303 1132 297 304 1
302 303 297 304 1
1132 304 1320 297 1
1132 1320 304 1133 1
302 304 297 298 1
304 298 1320 297 1
304 298 302 305 1
1131 1132 1320 297 1
1960 316 308 310 1
1131 1320 1132 1133 1
1131 1165 1320 1133 1
1316 1165 1133 1320 1
1317 1316 1314 1133 1
1126 1130 1131 1165 1
1126 1139 1130 1165 1
1124 1161 1125 1126 1
1124 1166 1125 1161 1
296 1132 297 303 1
302 296 297 303 1
1660 1658 1952 1664 1
1589 1594 1587 1905 1
1637 1645 901 1644 1
481 475 474 2057 1
1763 862 866 863 1
1594 1602 1905 1593 1
1590 1349 1352 1343 1
1590 1349 1354 1352 1
1645 1912 901 1644 1
1637 1634 1656 1952 1
1350 1343 1351 1347 1
93 92 90 91 1
802 814 523 1930 1
1951 1329 1339 1301 1
803 814 802 1930 1
932 935 924 928 1
1354 1311 1325 1353 1
1312 1311 1353 1325 1
1353 1325 1352 1312 1
1310 1349 1352 1353 1
1310 1353 1352 1312 1
1304 1310 1355 1303 1
901 1659 1648 1950 1
1304 1310 1356 1355 1
896 904 447 903 1
1305 1304 1310 1356 1
1349 1310 1355 1356 1
1310 1305 1356 1353 1
1353 1310 1349 1356 1
1353 1311 1310 1305 1
1312 1311 1310 1353 1
1305 1356 1353 1354 1
1353 1356 1349 1354 1
1354 1305 1311 1353 1
1357 1354 1356 1305 1
1346 1354 1356 1357 1
1356 1346 1349 1354 1
438 48 715 727 1
1305 1302 1356 1357 1
1332 1951 1339 1301 1
1798 1757 1863 1754 1
1357 1358 1302 1356 1
1357 1359 1358 1356 1
1357 1346 1359 1356 1
1046 1004 926 907 1
1328 2007 1335 1323 1
1360 1302 1355 1303 1
1302 1355 1358 1360 1
1356 1358 1302 1355 1
875 878 877 1956 1
1468 765 1441 763 1
1356 1346 1359 1348 1
1349 1356 1355 1348 1
1346 1349 1348 1356 1
857 1956 1978 867 1
878 1956 652 1763 1
693 689 699 691 1
843 840 855 136 1
878 867 1956 1763 1
1350 1364 1365 1361 1
321 308 317 1960 1
1351 1347 1365 1350 1
1363 1361 1365 1364 1
1367 1361 1363 1366 1
1361 1366 1367 1368 1
1368 1367 1361 1369 1
1367 1361 1365 1363 1
1367 1361 1369 1365 1
1350 1361 1365 1369 1
1350 1365 1370 1369 1
1350 1365 1351 1370 1
1350 1351 1344 1370 1
1367 1365 1371 1363 1
1367 1369 1371 1365 1
1367 1369 1372 1371 1
1368 1372 1367 1369 1
841 1915 821 1064 1
1966 397 402 1483 1
1330 1324 312 2007 1
1062 835 821 841 1
2005 623 612 610 1
1721 2047 612 2005 1
2001 1343 1347 1348 1
1367 1375 1371 1372 1
1366 1375 1363 1367 1
1363 1375 1371 1367 1
1362 1366 1375 1363 1
176 1997 175 174 1
1332 1951 1301 1326 1
1965 1491 1488 1490 1
580 581 2043 670 1
848 1978 857 852 1
1362 1381 1366 1359 1
1380 1382 1381 1379 1
848 850 1978 852 1
160 772 163 152 1
1383 1384 1360 1385 1
1427 91 1433 1437 1
1384 1300 1360 1385 1
1300 1384 1360 1382 1
1300 1302 1382 1360 1
1385 1300 1360 1303 1
1360 1302 1382 1358 1
895 642 1013 1971 1
1367 1991 1372 1368 1
1968 1387 1384 1388 1
1374 1991 1368 1372 1
64 1543 1993 3 1
1435 775 1432 759 1
578 669 2055 674 1
1387 1384 1388 1383 1
1387 1389 1384 1383 1
64 7 3 1993 1
1389 1390 1384 1383 1
724 1446 134 140 1
1383 1390 1384 1385 1
1390 1391 1300 1385 1
1385 1393 1391 1300 1
1391 1394 1393 1385 1
1298 1394 1395 1385 1
1280 1169 1287 1396 1
1385 1393 1300 1298 1
1394 1393 1385 1298 1
1298 1385 1395 1303 1
1385 1298 1300 1303 1
1394 1395 1172 1298 1
1298 1395 1172 1303 1
1394 1172 1294 1298 1
124 767 209 104 1
1396 1394 1169 1294 1
1169 1396 1280 1394 1
1397 1171 1169 1172 1
1394 1397 1172 1395 1
1397 1169 1394 1172 1
1397 1280 1169 1171 1
1397 1399 1394 1280 1
1280 1177 1170 1171 1
818 824 823 829 1
1611 1614 1150 1595 1
1174 1169 1295 1293 1
1400 1291 1396 1287 1
607 604 1721 496 1
1280 1396 1399 1394 1
1399 1280 1287 1396 1
1400 1287 1396 1399 1
1391 1394 1385 1397 1
1400 1396 1391 1399 1
1399 1396 1391 1394 1
1399 1391 1392 1402 1
1392 1391 1399 1401 1
1392 1391 1390 1402 1
1401 1391 1399 1400 1
1402 1391 1390 1385 1
1392 1401 1399 1413 1
1413 1401 1399 1287 1
1417 1529 1542 1537 1
1403 1399 1402 1404 1
1399 1397 1402 1404 1
1399 1280 1397 1404 1
1399 1391 1402 1397 1
1397 1280 1394 1169 1
1402 1391 1385 1397 1
1394 1397 1395 1385 1
1397 1280 1171 1404 1
1402 1390 1383 1385 1
1392 1402 1383 1403 1
1403 1399 1392 1402 1
1392 1390 1383 1402 1
1392 1390 1389 1383 1
1405 1392 1383 1403 1
1405 1392 1406 1383 1
1388 1383 1406 1387 1
1406 1392 1389 1383 1
1387 1383 1406 1389 1
1558 1994 17 1568 1
1406 1387 1409 1408 1
1388 1406 1407 1387 1
1387 1389 1406 1409 1
518 519 524 525 1
518 499 519 525 1
1406 1405 1412 1408 1
986 310 277 1960 1
1405 1408 1406 1409 1
1406 1392 1405 1409 1
1389 1392 1406 1409 1
1392 1409 1413 1405 1
1403 1413 1405 1392 1
1413 1392 1414 1409 1
1403 1413 1392 1399 1
1408 1415 1419 1422 1
1392 1401 1413 1414 1
1408 1413 1409 1405 1
1408 1409 1413 1415 1
1413 1414 1415 1409 1
1408 1416 1413 1405 1
1413 1416 1417 1405 1
4 1880 1289 3 1
767 776 1426 209 1
1417 1418 1416 1413 1
1418 1413 1419 1416 1
1413 1408 1419 1416 1
123 1278 1418 1413 1
1418 1413 1281 1419 1
1281 1413 1415 1419 1
1413 123 1399 1403 1
2058 930 985 927 1
1278 1413 1281 1418 1
1281 1413 1414 1415 1
1413 1278 1399 123 1
1287 1413 1281 1278 1
1287 1413 1414 1281 1
1413 1415 1419 1408 1
1399 1413 1287 1278 1
1281 1414 1286 1415 1
1287 1414 1286 1281 1
1414 1401 1413 1287 1
1414 1291 1287 1286 1
1401 1291 1287 1414 1
766 132 126 756 1
1416 1408 1419 1422 1
1419 1415 1423 1422 1
1419 1285 1423 1415 1
1281 1285 1419 1415 1
1415 1286 1285 1423 1
1281 1286 1285 1415 1
1418 1281 1284 1419 1
1437 1430 1427 1432 1
1284 1281 1285 1419 1
218 204 1973 1939 1
510 2024 2048 507 1
766 728 132 756 1
131 728 132 766 1
1285 1286 1120 1423 1
1286 1287 1288 1291 1
352 412 345 416 1
352 412 416 417 1
439 415 2050 429 1
1153 1279 1278 1158 1
1552 1609 1607 1618 1
282 1481 1475 1479 1
573 577 2022 1935 1
202 209 1426 776 1
1426 774 1425 776 1
776 774 1425 1120 1
1880 2073 15 3 1
4 2073 1880 3 1
864 846 1970 869 1
1427 1429 1424 1425 1
1424 1429 1423 1425 1
1207 1208 1203 1206 1
1271 2008 1273 1275 1
1151 250 232 247 1
1427 1430 1425 1426 1
1425 1427 1429 1430 1
1426 1430 1425 774 1
1426 775 1430 774 1
774 775 1430 1431 1
758 775 774 1431 1
875 652 1956 1922 1
1432 1430 1427 1426 1
1432 775 1430 1426 1
1427 1433 1429 1430 1
1972 1663 1274 1941 1
1435 1430 1432 775 1
1431 1430 1435 775 1
137 122 1432 135 1
1431 775 1435 1436 1
124 102 101 209 1
760 775 1431 1436 1
762 750 761 754 1
1435 1430 1434 1432 1
754 762 759 760 1
137 122 759 1432 1
1435 759 1434 1436 1
1437 1434 1430 1432 1
1944 1121 248 2080 1
1437 1434 1433 1430 1
1434 137 759 1432 1
764 761 760 762 1
1435 1432 1434 759 1
1434 1439 1440 1436 1
1441 1436 1440 1439 1
764 1436 1441 1439 1
1439 764 1436 762 1
764 760 1436 762 1
760 762 759 1436 1
135 122 1432 102 1
250 247 1127 251 1
766 767 727 735 1
437 396 401 394 1
762 1436 1439 137 1
762 759 137 138 1
762 1436 137 759 1
763 764 1439 762 1
1434 1438 1439 137 1
1437 137 1438 1434 1
1434 137 1439 1436 1
1434 137 1436 759 1
759 122 137 138 1
122 102 103 124 1
1666 1941 1950 1663 1
1437 137 1432 135 1
102 122 1432 124 1
160 165 163 772 1
1833 1686 1829 1963 1
1437 137 1434 1432 1
1451 163 162 1974 1
1204 1197 1198 1196 1
2078 841 1061 846 1
733 1995 136 846 1
453 1788 461 273 1
775 124 1432 759 1
135 137 1438 1437 1
126 766 138 122 1
12 1601 1909 1905 1
766 727 211 131 1
103 101 107 124 1
124 101 107 209 1
119 130 132 131 1
102 1432 209 124 1
131 119 130 1443 1
1432 775 209 124 1
124 211 209 107 1
103 124 107 119 1
875 2017 877 884 1
107 124 211 119 1
124 211 119 131 1
214 211 131 216 1
211 119 133 107 1
216 211 1443 133 1
730 724 134 140 1
134 730 140 130 1
214 131 1445 216 1
1445 131 1443 216 1
211 119 131 1443 1
1443 211 119 133 1
1445 131 1444 1443 1
1985 1686 1833 1838 1
604 598 2027 597 1
130 730 132 131 1
31 51 1543 50 1
1445 216 720 214 1
1445 720 724 721 1
1445 721 724 131 1
130 730 140 132 1
1444 730 134 130 1
730 724 1444 134 1
1445 131 724 1444 1
724 1444 1446 1445 1
1445 723 1446 724 1
1445 720 723 724 1
724 722 1446 140 1
724 1446 1444 134 1
1446 723 722 724 1
64 7 1993 32 1
134 140 1446 116 1
1559 1994 1558 1568 1
45 1994 1558 1559 1
238 771 210 1908 1
154 722 1446 723 1
723 722 1447 154 1
722 718 723 1447 1
723 718 705 1447 1
723 718 720 705 1
722 1448 154 146 1
722 725 154 1448 1
1447 722 725 154 1
722 725 718 1447 1
1448 725 154 1449 1
1448 725 1449 1450 1
1447 725 1449 154 1
1449 725 694 1450 1
725 1449 694 1447 1
690 718 725 1447 1
1450 694 683 725 1
694 725 1447 690 1
694 725 690 683 1
718 1447 695 705 1
690 1447 695 718 1
705 720 704 718 1
720 724 721 718 1
693 698 699 702 1
720 716 718 721 1
690 694 695 1447 1
1450 1449 685 694 1
685 1450 694 683 1
615 1954 1940 613 1
2006 1723 1726 1803 1
2067 1225 1257 1220 1
684 685 683 1450 1
161 1448 1449 1450 1
1706 1708 1714 1705 1
1448 161 155 146 1
161 155 1449 1448 1
161 155 156 1449 1
2011 1635 1634 1952 1
1501 1953 1504 1507 1
155 154 1449 1448 1
686 163 162 1451 1
162 1451 684 686 1
1347 1364 1365 1350 1
165 163 162 1452 1
162 1452 163 686 1
681 686 1452 162 1
1448 155 154 146 1
711 707 1453 704 1
216 1453 214 215 1
217 1453 216 215 1
1453 720 216 214 1
119 1443 133 128 1
119 130 1443 128 1
1950 1666 1758 1941 1
1061 841 1064 1958 1
113 109 112 118 1
107 101 89 209 1
105 103 101 107 1
1921 1618 1656 1644 1
1880 714 4 1999 1
135 93 92 86 1
135 93 1437 92 1
102 93 135 86 1
131 130 1444 1443 1
1438 92 135 1437 1
43 54 42 1882 1
1454 91 1455 1427 1
102 80 101 203 1
102 1437 1432 135 1
102 203 101 209 1
445 271 423 245 1
8 714 1 2003 1
1432 775 1426 209 1
89 101 203 209 1
203 1426 202 209 1
89 203 202 209 1
1427 1432 102 1437 1
1122 1123 1119 1126 1
91 1427 100 93 1
1151 232 218 247 1
1956 1650 877 874 1
1427 1433 1455 1429 1
1427 1454 1424 1429 1
1437 91 1433 1456 1
1424 1454 1423 1429 1
1454 1427 1455 1429 1
1437 1456 1433 1457 1
91 1427 93 1437 1
1427 91 1455 1433 1
1434 1437 1433 1438 1
92 91 1437 1456 1
91 1437 93 92 1
92 1456 1437 1457 1
1433 91 1455 1456 1
733 2079 260 858 1
1437 1457 1438 92 1
1433 1456 1455 1457 1
1460 1457 1461 1433 1
1927 901 2018 1914 1
1437 1457 1433 1438 1
1434 1433 1461 1438 1
1457 1463 1461 1464 1
2062 820 1398 1105 1
1458 1455 1454 1456 1
1455 1454 1456 91 1
1459 1458 1455 1454 1
1457 1455 1458 1456 1
1457 1455 1459 1458 1
1457 1455 1460 1459 1
1455 1433 1457 1460 1
1460 1457 1463 1461 1
1461 1440 1439 1463 1
1457 1460 1462 1459 1
1462 1457 1463 1460 1
1464 1461 1439 1463 1
1462 1457 1465 1463 1
1457 1465 1463 1464 1
107 120 133 108 1
1439 1461 1438 1434 1
1439 1464 1438 1461 1
1440 1461 1439 1434 1
765 763 764 1441 1
1468 1466 1441 765 1
1464 1439 1466 1463 1
1439 1440 1466 1463 1
1462 1465 1467 1463 1
1464 1463 1466 1467 1
1465 1467 1463 1464 1
1441 1440 1466 1439 1
1598 1572 1570 1893 1
1598 1572 1893 1948 1
1464 1468 1466 1439 1
1467 1464 1468 1466 1
1468 1466 1439 1441 1
1468 1466 1469 1467 1
765 1468 1466 1470 1
1468 1469 1466 1470 1
1468 1441 1439 763 1
1441 763 764 1439 1
763 1468 765 1471 1
765 1468 1470 1471 1
1472 1471 1468 763 1
1471 1472 751 763 1
765 748 763 1471 1
1485 1482 1901 1481 1
1471 1473 751 1472 1
1362 1381 1375 1366 1
357 360 370 2077 1
752 400 751 1471 1
1543 31 32 1993 1
33 1543 32 64 1
771 776 767 209 1
509 500 499 511 1
1468 1469 1470 1471 1
1468 1472 1469 1471 1
1473 1471 1469 1472 1
1475 1473 1476 1469 1
1475 1473 1469 1472 1
2077 358 357 356 1
2077 360 356 357 1
359 358 2077 356 1
1477 1478 1469 1467 1
1478 1468 1469 1467 1
1478 1469 1475 1477 1
1478 1475 1469 1468 1
1475 1476 1477 1469 1
1468 1475 1469 1472 1
1464 1478 1467 1468 1
1475 1476 1480 1477 1
483 2023 516 515 1
1334 2009 1340 1341 1
421 1343 1337 1345 1
421 1337 1343 1332 1
1980 1962 1697 1913 1
1496 1965 1494 1490 1
521 1930 799 1984 1
1356 1302 1304 1355 1
1893 1599 1592 1567 1
483 2023 1988 516 1
1272 201 2008 205 1
625 1191 1186 2069 1
369 359 373 2039 1
1984 799 521 810 1
1501 1900 1496 1493 1
524 810 1984 521 1
524 1984 802 521 1
1121 1290 1159 1123 1
1501 1492 1900 1493 1
23 2003 8 1593 1
1956 878 1978 867 1
1124 1160 1290 1123 1
1237 1240 1241 1232 1
1909 2003 1905 1593 1
1487 1494 1490 1495 1
1490 1495 1494 1496 1
1487 1490 1486 1495 1
1901 1966 1483 396 1
1486 1490 1899 1488 1
11 1999 4 9 1
1999 5 4 9 1
11 1 1999 9 1
1551 1247 1554 63 1
459 528 472 273 1
852 854 855 849 1
1899 1490 1965 1488 1
1578 1579 1582 1919 1
228 235 256 2070 1
1556 47 45 2010 1
1663 1839 1831 473 1
1155 1156 634 1144 1
1499 1506 1500 1498 1
1654 1658 1854 1952 1
2003 1589 1905 1593 1
1950 1751 1758 1914 1
1950 1751 1914 901 1
1916 312 310 311 1
259 1410 1509 1981 1
1932 1967 517 514 1
1504 1508 1507 1925 1
176 1241 186 1282 1
1946 1994 17 1764 1
1427 91 100 1424 1
692 693 689 699 1
1898 1567 10 33 1
2057 482 474 481 1
2066 1571 6 1565 1
1569 33 1567 1898 1
494 482 474 2057 1
494 2057 474 273 1
1376 1378 1377 1508 1
510 1109 516 2048 1
1377 1510 1508 1378 1
516 1109 2023 2048 1
1512 1511 1513 1514 1
876 875 2017 1956 1
433 6 1561 17 1
2017 875 877 1956 1
1514 1410 1506 1511 1
1912 473 1652 1641 1
1515 1498 1511 1506 1
1546 1871 979 62 1
510 1104 2024 507 1
1517 1516 1506 1515 1
1499 1517 1506 1515 1
1499 1506 1498 1515 1
11 7 4 1999 1
1374 1373 1368 1991 1
1380 1386 1387 1154 1
1635 1624 2011 1634 1
481 1421 1987 641 1
36 1874 38 39 1
1764 1994 17 1173 1
710 711 435 436 1
1519 1416 1523 1412 1
1522 1512 1523 1422 1
218 1973 1284 1149 1
1513 1514 1408 1422 1
1422 1514 1520 1512 1
1512 1514 1513 1422 1
481 495 641 1987 1
1514 1516 1520 1512 1
433 1562 1561 1565 1
1517 1520 1516 1524 1
1517 1524 1516 1515 1
1512 1521 1520 1522 1
1961 1442 14 1588 1
907 2058 910 890 1
1512 1520 1521 1524 1
1512 1513 1523 1422 1
1454 91 1886 1456 1
1454 1886 1458 1456 1
1524 1515 1517 1497 1
1517 1515 1499 1497 1
1515 1498 1499 1497 1
1525 1497 1517 1499 1
1525 1497 1499 1495 1
1525 1499 1494 1495 1
1526 1497 1524 1517 1
1526 1517 1525 1497 1
1526 1497 1525 1495 1
1526 1458 1459 1524 1
1526 1459 1517 1524 1
1457 1459 1526 1458 1
1526 1459 1525 1517 1
1457 1462 1526 1459 1
1459 1462 1526 1525 1
1465 1526 1457 1462 1
1525 1526 1465 1462 1
1525 1495 1465 1526 1
1525 1465 1467 1462 1
1911 144 145 141 1
1487 1494 1495 1525 1
685 162 1957 684 1
1158 1944 1284 1285 1
1911 148 143 141 1
1957 1451 1450 684 1
685 1957 1450 684 1
1464 1465 1467 1478 1
1459 1458 1454 1524 1
1517 1459 1454 1524 1
1524 1520 1454 1517 1
1521 1454 1527 1528 1
1521 1454 1520 1527 1
1458 1454 1521 1528 1
1442 1906 14 9 1
1524 1521 1454 1520 1
1665 1663 1685 1972 1
423 2014 245 271 1
1458 1521 1454 1524 1
424 241 244 243 1
1838 1686 1833 1963 1
1102 768 2062 1118 1
424 2004 241 243 1
76 1527 1530 1529 1
76 1527 77 1530 1
1521 1527 1522 1530 1
427 243 2004 424 1
1121 1159 1158 1123 1
1528 1527 1521 1530 1
36 15 1889 37 1
135 1752 122 102 1
100 1527 77 76 1
1520 1522 1521 1527 1
424 242 241 2004 1
1752 103 122 102 1
1523 1522 1527 1530 1
1527 100 77 91 1
1527 76 100 198 1
1015 884 1022 1025 1
2073 18 16 1880 1
1920 18 16 2073 1
1471 1473 400 751 1
1424 1527 100 198 1
1685 1663 1274 1972 1
1122 1124 1123 1126 1
1972 1663 1941 1666 1
1650 859 877 874 1
43 1882 42 1881 1
100 1424 198 202 1
100 1424 202 1427 1
198 76 79 1531 1
79 76 1537 1531 1
100 91 93 77 1
100 1427 202 203 1
573 1935 2022 579 1
198 201 202 1284 1
1427 1426 202 203 1
1284 201 202 204 1
1418 198 1419 1284 1
1418 201 198 1284 1
1279 201 1418 1284 1
1279 1284 1418 1281 1
1118 768 2062 811 1
819 804 818 824 1
79 200 201 1531 1
198 79 201 1531 1
200 1272 201 1531 1
198 1531 201 1418 1
1272 201 205 200 1
1272 201 1531 1273 1
201 1418 1531 1273 1
1272 201 1273 2008 1
201 1418 1273 1279 1
224 241 220 227 1
198 1542 76 1531 1
1273 1279 1418 1278 1
1278 1279 1418 1281 1
352 345 348 416 1
2021 1475 1473 1476 1
1798 1799 1863 1757 1
1269 1280 1278 123 1
771 432 767 773 1
812 1984 1917 813 1
1417 1531 1418 1532 1
1419 1416 1542 1418 1
1798 1794 1799 1757 1
1531 1418 1532 1273 1
2030 27 2 8 1
1153 1280 1287 1278 1
1146 1159 1158 1153 1
1401 1400 1399 1287 1
1401 1291 1400 1287 1
496 604 1721 611 1
1399 1394 1391 1397 1
1399 1278 1280 123 1
1280 1399 1287 1278 1
1280 123 1269 1404 1
1399 123 1280 1404 1
469 459 548 472 1
2021 1473 401 1476 1
103 80 1752 88 1
1399 123 1404 1403 1
1534 1417 123 1532 1
123 1532 1266 1534 1
123 1534 1266 1403 1
1269 123 1532 1266 1
1404 123 1266 1403 1
1404 123 1269 1266 1
767 1426 775 209 1
1405 1518 1417 1535 1
1416 1518 1417 1405 1
1405 1535 1417 1534 1
1534 1535 1417 1532 1
1534 1535 1532 1536 1
1532 1536 1266 1534 1
1518 1529 1417 1535 1
1535 1537 1529 1417 1
1518 1416 1417 1529 1
1535 1532 1537 1417 1
907 890 1020 2053 1
1917 802 804 813 1
1417 1531 1532 1537 1
1551 63 1554 62 1
1324 1327 1322 1328 1
118 122 135 1752 1
1546 1871 62 1554 1
425 2014 242 429 1
1538 1535 1532 1537 1
1538 1539 1537 1532 1
1536 1538 1532 1539 1
1536 1538 1535 1532 1
1531 1537 1539 1532 1
1536 1267 1539 1532 1
1531 1539 1272 1532 1
1532 1536 1267 1266 1
1532 1272 1267 1539 1
1269 1532 1267 1266 1
1336 1301 1329 1979 1
1272 1531 1532 1273 1
1336 1301 1339 1329 1
1272 1532 1267 1273 1
1267 1532 1269 1273 1
1956 857 865 862 1
204 2074 206 257 1
1537 79 1541 1540 1
1539 1548 1536 1544 1
76 79 1537 1540 1
257 1929 2074 206 1
1538 1544 1537 1539 1
79 1537 1541 1531 1
1545 1544 1546 1871 1
1531 1537 1541 1539 1
79 1541 200 1531 1
1531 1541 1272 1539 1
200 1541 1272 1531 1
1541 979 1537 1540 1
979 1546 1540 1541 1
1868 47 1555 2010 1
1544 1541 979 1537 1
1541 1540 196 1546 1
1541 1544 979 1546 1
1541 1544 1539 1537 1
1541 79 196 1540 1
1544 1541 1539 1545 1
1546 1540 196 62 1
1544 1871 979 1546 1
79 1541 196 200 1
1547 1539 1545 1548 1
1539 1544 1536 1538 1
1539 1547 1536 1548 1
1536 1539 1267 1547 1
2010 22 1994 1555 1
1547 1536 1548 1549 1
1536 1547 1267 1549 1
1536 1549 1267 1262 1
1267 1536 1262 1266 1
1547 1267 1549 1268 1
1262 1549 1267 1268 1
194 1248 1551 63 1
1547 1548 1545 1550 1
1548 1547 1549 1550 1
1550 1547 1549 1261 1
1547 1268 1549 1261 1
1262 1549 1268 1261 1
1262 1268 1265 1259 1
1265 1260 1259 1268 1
1548 1549 1254 1550 1
1550 1549 1254 1261 1
1262 1254 1549 1261 1
1550 1261 1254 1255 1
1545 1548 1246 1550 1
1550 1545 1245 1246 1
1550 1548 1246 1250 1
1250 1246 1550 1245 1
1548 1550 1254 1250 1
1550 1250 1245 1253 1
1250 1550 1254 1253 1
1253 1550 1254 1255 1
1924 2057 481 495 1
1245 1246 1545 1551 1
463 789 464 788 1
1246 1551 1243 1247 1
1659 901 1641 1175 1
1291 1396 1287 1169 1
1588 9 5 1442 1
1551 1246 1545 1554 1
1442 9 14 1588 1
1246 1551 1247 1554 1
1248 1551 1247 1243 1
194 1243 1551 1248 1
1556 1553 45 47 1
217 215 778 711 1
194 183 1243 1248 1
183 1248 1242 1243 1
1248 1553 1247 63 1
63 1248 190 194 1
1248 183 190 194 1
1248 184 190 183 1
1248 1242 184 183 1
1555 1553 1556 47 1
45 1553 1556 1557 1
1554 1555 47 1553 1
45 1553 63 47 1
1553 45 63 1557 1
1553 47 1554 63 1
1247 1553 1554 63 1
1404 1269 1177 1181 1
62 67 194 63 1
62 194 1551 63 1
62 193 194 67 1
63 67 194 190 1
195 194 1551 62 1
189 194 193 67 1
194 67 189 190 1
190 183 185 194 1
1956 861 877 1650 1
1546 1551 1545 1554 1
1650 861 877 859 1
979 62 1540 1546 1
62 195 1546 1551 1
63 1557 45 65 1
1557 45 1558 1559 1
45 1557 1556 1559 1
1557 1558 45 1560 1
65 1557 45 1560 1
1590 1350 1343 1342 1
2010 1555 1994 1556 1
1577 1614 1576 268 1
858 1076 1034 874 1
45 1558 17 1560 1
1560 65 60 45 1
1558 1561 17 1560 1
17 1562 1560 1561 1
17 45 1560 1562 1
45 60 1560 1562 1
84 1753 1755 1722 1
874 1056 1034 858 1
44 433 1569 1563 1
1923 1673 1671 1850 1
1943 152 147 1947 1
76 72 100 79 1
1648 1673 1671 1923 1
2060 1086 1107 1091 1
6 17 1568 1561 1
848 862 1995 857 1
1075 1076 1034 858 1
76 72 79 69 1
1707 1714 1709 222 1
1561 17 1568 1558 1
1583 20 2030 1591 1
1282 188 181 182 1
451 446 450 453 1
397 437 399 394 1
1668 1927 1672 1644 1
1571 1565 1566 6 1
1573 1948 1571 1574 1
1571 1573 1566 1565 1
1645 1641 1646 1640 1
1967 492 1987 498 1
1083 1082 841 1089 1
857 260 876 865 1
1079 1064 1958 1080 1
1961 1442 1894 14 1
854 1049 1047 2072 1
1367 1366 1375 1991 1
1571 1573 1565 1578 1
878 867 1763 868 1
2051 359 369 368 1
1579 1580 1576 1573 1
1577 1576 1580 1573 1
1282 188 186 181 1
803 801 805 814 1
1956 857 876 865 1
2000 776 1425 1120 1
863 1763 867 868 1
2051 358 359 368 1
1691 1677 1666 1758 1
940 84 1722 1718 1
1947 145 155 146 1
1957 162 1451 684 1
236 238 1929 220 1
1947 152 147 146 1
145 1947 147 146 1
403 1938 404 406 1
310 1916 277 315 1
1285 1973 2000 1120 1
406 741 1938 405 1
1196 1942 1194 1195 1
1487 1495 1910 1525 1
1938 741 399 405 1
1919 1579 1582 1576 1
1613 1552 1618 1611 1
751 752 1989 741 1
1910 1495 1486 1465 1
1928 1569 1893 1898 1
1898 1567 1893 10 1
1641 473 1652 1643 1
14 1906 11 9 1
1906 1 11 9 1
890 2058 910 1007 1
1989 752 751 1471 1
202 2000 769 1284 1
1525 1495 1910 1465 1
1454 1527 91 1424 1
13 1894 14 1596 1
2053 1001 1002 1003 1
32 1993 30 7 1
1906 13 11 1 1
1927 1669 1674 1670 1
198 202 769 1284 1
1709 940 1715 1716 1
166 1992 164 157 1
205 1271 219 2008 1
459 1788 458 273 1
932 928 924 923 1
14 13 11 1906 1
1656 1669 1927 1670 1
2011 1635 1632 1624 1
929 928 932 923 1
1584 1946 1909 1583 1
1098 1093 820 1103 1
522 525 518 524 1
12 1576 1600 1575 1
624 1196 1942 1194 1
1591 1597 24 2030 1
12 1600 1576 1601 1
1196 627 1942 1197 1
1601 1586 1603 1604 1
1586 1585 1604 1601 1
1612 1600 1606 1595 1
1604 1585 1605 1576 1
2002 1417 1405 1413 1
1576 1605 1604 1606 1
1606 1604 1603 1607 1
1604 1605 1607 1606 1
1937 1990 220 1939 1
1595 1614 1600 1606 1
876 2017 874 1956 1
278 463 1788 451 1
1605 1609 1607 1606 1
1605 1609 1606 1608 1
1597 1602 1601 1610 1
1603 1601 1610 1597 1
1610 1600 1602 1601 1
123 1417 2002 1413 1
1405 1534 1417 2002 1
2002 1534 1417 123 1
21 28 2 20 1
1610 1606 1612 1600 1
1613 1606 1611 1612 1
1946 21 2 20 1
1600 1614 1576 1606 1
1613 1610 1603 1606 1
1612 1613 1606 1610 1
1552 1606 1613 1615 1
617 1940 614 616 1
1603 1606 1607 1615 1
1606 1603 1613 1615 1
513 499 501 518 1
388 2039 369 384 1
459 461 1788 273 1
1600 1612 1594 851 1
1595 1612 1600 851 1
1600 1602 1594 1612 1
1612 1606 1611 1595 1
1575 1595 1614 1600 1
1610 1612 1602 1600 1
1595 1614 1606 1611 1
1600 1576 1614 1575 1
1602 1616 1612 1610 1
1613 1612 1616 1610 1
1613 1617 1612 1611 1
1612 1613 1616 1617 1
982 2013 1063 821 1
1613 1615 1618 1552 1
1015 1024 1007 447 1
1613 1615 1620 1618 1
1613 1619 1618 1621 1
1613 1618 1620 1621 1
1612 1594 851 1622 1
1595 1612 851 1622 1
1617 1612 1622 1594 1
604 2027 602 2025 1
1961 1629 1150 1595 1
1616 1617 1594 1612 1
1602 1594 1612 1616 1
1587 1622 851 1594 1
421 1350 1343 1345 1
1980 1696 1697 1962 1
1587 1622 1623 851 1
1622 851 1595 1623 1
246 253 239 254 1
10 7 64 32 1
816 2062 1118 813 1
526 474 494 503 1
527 526 494 503 1
1752 80 102 86 1
1630 1623 1595 1961 1
1595 1629 1630 1961 1
238 237 210 220 1
641 1932 501 1421 1
1595 1629 1624 1630 1
787 1950 2018 1648 1
1614 1595 1575 1150 1
1595 1629 1150 1624 1
2047 2076 623 611 1
805 804 819 807 1
855 1101 258 840 1
2027 595 2025 597 1
1154 1373 1386 2056 1
1631 1624 1629 1630 1
1632 1629 1624 1150 1
1633 1629 1631 1624 1
1055 858 1068 1071 1
1420 1631 1625 1624 1
417 267 271 351 1
1632 1629 1633 1624 1
122 124 126 766 1
604 2027 554 602 1
1635 1624 1634 1611 1
1487 1964 1477 1910 1
122 103 126 124 1
2012 652 1922 879 1
2062 802 816 811 1
787 1675 1664 1659 1
1420 1631 1638 1625 1
1201 1208 1209 1211 1
484 510 516 2048 1
1638 1625 1627 1626 1
1638 1640 1626 1627 1
1352 1354 1590 1325 1
1638 1639 1637 1641 1
244 255 271 272 1
1638 1639 1641 1642 1
1638 1643 1641 1640 1
1643 1641 1642 1638 1
1626 1640 1628 1627 1
1328 1333 1979 1326 1
577 660 572 573 1
1644 1634 1637 1626 1
1618 1626 1634 1644 1
1618 1626 1644 1619 1
1626 1628 1645 1619 1
1645 1626 1644 1637 1
1640 1645 1626 1628 1
1645 1619 1644 1626 1
1576 1605 1582 1585 1
1645 1646 1628 1640 1
2011 1635 1636 1632 1
1336 421 1339 1301 1
787 1648 1671 1675 1
1645 1628 1647 1619 1
1647 1619 1649 1644 1
1178 1187 1144 719 1
1645 1628 1646 1647 1
211 1443 131 216 1
1645 1652 1647 1646 1
1714 1904 1703 1724 1
1937 1990 1939 207 1
1005 2058 985 2053 1
878 1045 1971 1042 1
2012 896 892 879 1
813 802 816 2062 1
1923 1675 1648 1659 1
1634 1637 1656 1644 1
896 879 2012 882 1
324 2009 1341 1340 1
2012 879 1922 882 1
1575 851 1961 1595 1
1653 1659 1657 1637 1
1330 314 2009 1335 1
906 909 910 729 1
1648 2018 1671 1673 1
1657 1660 1637 1659 1
1786 1913 1845 1701 1
1319 2059 1317 1320 1
1653 1661 1657 1659 1
1655 1653 1659 1662 1
733 1995 848 136 1
1659 1662 1653 1661 1
1659 1664 1661 1657 1
1657 1660 1659 1664 1
889 878 1682 1043 1
7 4 1999 1289 1
1442 12 1894 1906 1
1277 499 518 501 1
1689 911 1969 1687 1
1442 1906 1894 14 1
1913 1689 1845 1701 1
245 264 1533 271 1
212 206 208 1929 1
1939 1929 207 2074 1
795 495 1924 498 1
1913 1895 911 1896 1
1969 1687 911 1695 1
390 391 1955 385 1
1924 789 486 791 1
359 374 373 2039 1
241 243 2032 244 1
808 814 523 2034 1
1289 1880 1999 1898 1
2018 1677 1671 1673 1
30 1993 4 7 1
317 986 1960 308 1
374 383 373 2039 1
1632 1624 1633 2011 1
1915 1084 822 1085 1
1993 3 4 7 1
32 31 30 1993 1
490 1112 489 1932 1
1677 1680 1681 1666 1
1666 1679 1680 1681 1
1946 21 1994 2 1
1959 1608 1849 1579 1
1083 1915 841 1079 1
30 31 1934 1920 1
1015 1022 1019 1023 1
313 314 327 1903 1
1665 1688 1667 1666 1
1903 330 327 313 1
1679 1688 1666 1667 1
39 38 36 1902 1
325 1977 321 380 1
1386 1377 1509 2056 1
910 729 896 905 1
2051 367 358 368 1
1411 1386 1509 2056 1
324 330 327 1903 1
1679 1693 1666 1688 1
2056 1377 1509 1508 1
325 321 1977 322 1
1976 1087 822 1084 1
1284 202 2000 1973 1
1666 1693 1679 1681 1
1154 1376 2056 1411 1
1979 1338 1334 2009 1
769 2000 1419 1284 1
1718 1722 940 1745 1
1698 419 284 1706 1
641 499 501 513 1
1717 1718 940 1745 1
1689 1701 1913 911 1
1995 845 265 846 1
594 589 587 590 1
130 1444 730 131 1
1778 1697 1896 1713 1
1574 1948 1571 1572 1
210 776 1973 1120 1
1935 573 562 576 1
1173 1543 2010 17 1
513 517 501 641 1
659 665 663 664 1
6 1928 1893 1898 1
902 925 2036 1044 1
802 800 1917 803 1
1656 1637 1648 1644 1
501 641 517 1932 1
641 1967 517 1932 1
611 623 2047 2005 1
1908 237 210 238 1
1215 1221 1212 1218 1
18 714 5 16 1
1124 1160 1123 1125 1
1566 1570 433 1563 1
1563 433 1569 1570 1
1543 3 64 1898 1
1706 419 1707 1698 1
1944 1286 1120 1285 1
1587 851 1623 2045 1
1417 1537 1542 1531 1
1158 1286 1944 1285 1
561 574 1935 575 1
1175 1659 1662 1655 1
1716 222 1712 1709 1
1925 1508 1897 1509 1
1707 419 1712 1698 1
1868 979 1871 47 1
1366 1373 1991 1368 1
222 1712 1709 1707 1
1714 1713 1709 222 1
1121 1286 1944 1158 1
135 1752 102 86 1
159 158 772 160 1
1868 36 979 47 1
158 152 772 160 1
1717 1709 1712 1707 1
1715 1717 1709 1712 1
940 1718 1715 1716 1
1713 1709 1716 1719 1
1719 1713 1709 1714 1
1720 1709 1717 1707 1
1717 1715 940 1718 1
1714 1705 284 1706 1
1710 1720 1707 1709 1
986 310 1960 308 1
1714 1708 1719 1724 1
1703 1705 1714 1708 1
18 1880 23 714 1
64 1543 32 1993 1
1727 1708 1724 1719 1
1734 1722 1732 1735 1
1969 870 1683 1758 1
1543 44 886 33 1
1575 12 1948 1894 1
1714 1708 1724 1703 1
1717 1715 1709 940 1
1591 24 20 2030 1
1714 1719 1726 1724 1
29 2 27 1880 1
1722 1729 1745 1746 1
1813 1812 1904 1811 1
237 2080 248 249 1
2 27 1880 8 1
1727 1719 1724 1726 1
1001 907 985 927 1
1728 1710 1708 1719 1
1728 1719 1708 1727 1
1710 1722 1719 1728 1
1710 1729 1722 1728 1
1728 1722 1719 1727 1
1727 1728 1722 1730 1
1722 1728 1729 1731 1
1730 1728 1722 1731 1
1669 1618 1656 1921 1
1737 1741 1738 1735 1
930 927 2058 910 1
1737 1732 1741 1735 1
1727 1726 1724 1725 1
1727 1726 1725 1733 1
1727 1726 1733 1734 1
1734 1732 1719 1726 1
1722 1732 1719 1734 1
1734 1727 1722 1730 1
1734 1730 1722 1735 1
1722 1732 1741 1756 1
1734 1732 1737 1735 1
1736 1722 1731 1730 1
1735 1730 1722 1736 1
1745 1718 1746 1748 1
1735 1722 1739 1736 1
1729 1731 1744 1722 1
1735 1739 1738 1736 1
1742 1722 1718 1746 1
1722 1736 1731 1740 1
1722 1739 1736 1740 1
1735 1722 1741 1739 1
1722 1741 1739 1740 1
1735 1741 1738 1739 1
1717 1748 1718 1745 1
1722 1740 1742 1743 1
1722 1741 1740 1743 1
1722 1740 1744 1742 1
1722 1731 1744 1740 1
1722 1710 1720 1729 1
1722 1729 1720 1745 1
1746 1722 1718 1745 1
1757 1755 1766 1754 1
1742 1722 1746 1744 1
1718 1747 1742 1748 1
1742 1722 1747 1718 1
1863 1757 1766 1754 1
520 2062 813 1398 1
1742 1743 1747 1722 1
2062 820 813 1398 1
1767 1766 1769 1757 1
258 1059 1063 2052 1
1717 940 1720 1745 1
1717 1749 1718 1748 1
940 1722 1720 1745 1
1748 1749 1718 1750 1
520 2062 1398 1105 1
1746 1718 1742 1748 1
1386 1154 2056 1411 1
1743 1722 1756 1755 1
613 619 620 622 1
1398 1106 1091 1107 1
1722 1753 1747 1718 1
1755 1753 1743 1722 1
1743 1753 1747 1722 1
1232 1238 1241 1236 1
1756 1732 1741 1857 1
2071 813 804 261 1
1722 1754 1756 1755 1
1722 1754 1732 1756 1
1328 1979 1329 1326 1
1732 1722 1719 1754 1
1994 21 1555 28 1
1726 1719 1723 1754 1
1994 1556 21 1559 1
1020 892 2036 1971 1
1806 1726 1754 1732 1
1719 1754 1726 1732 1
15 1173 22 2 1
1229 1234 1230 1232 1
1766 1755 1761 1754 1
1860 1761 1804 1861 1
2074 208 207 106 1
1419 1936 198 1542 1
1732 1754 1760 1857 1
733 2079 857 260 1
1102 820 982 1118 1
1759 1857 1760 1754 1
1863 1766 1761 1754 1
1754 1761 1804 1759 1
1617 1611 900 1612 1
2072 1051 859 856 1
1755 1754 1756 1761 1
1761 1860 1759 1857 1
1109 811 515 520 1
1761 1754 1756 1857 1
1756 1754 1732 1857 1
1612 1622 1595 900 1
1426 767 775 774 1
1525 1477 1467 1910 1
336 335 338 339 1
1753 1757 1765 84 1
1120 1121 1944 2080 1
223 1990 221 225 1
72 80 79 69 1
1615 1552 1607 1618 1
1759 1761 1804 1860 1
1743 1722 1741 1756 1
1757 1766 1769 1863 1
1765 1757 1753 1767 1
437 401 2021 400 1
1755 1766 1767 1757 1
1753 1767 1757 1755 1
499 531 2057 494 1
1767 1768 1757 1769 1
1765 1768 1757 1767 1
1753 1770 1747 1718 1
1753 1765 1770 84 1
1606 1552 1607 1615 1
607 2025 612 1721 1
1757 1771 1772 1765 1
1765 1772 1757 1768 1
1773 1765 84 1770 1
1770 1773 1774 1718 1
1770 1771 1773 1765 1
1775 1770 1773 1774 1
1770 1774 1747 1718 1
1775 1771 1773 1770 1
1762 1784 1785 1757 1
1937 220 236 1929 1
1777 1718 1776 1774 1
1776 1718 1749 1750 1
1713 1726 645 1904 1
1777 1773 1718 1774 1
1718 1750 1776 1774 1
1718 1748 1750 1747 1
1747 1774 1750 1718 1
1776 1716 1715 1718 1
1718 1749 1717 1715 1
1776 1718 1715 1749 1
1716 1718 1776 1777 1
212 211 216 208 1
212 215 208 216 1
1624 900 1611 1595 1
1779 1716 1699 1777 1
1779 1762 1778 1716 1
1612 900 1595 1611 1
1699 1716 1715 1776 1
1624 1626 1611 900 1
1779 1780 1716 1777 1
1716 1776 1699 1777 1
663 572 660 662 1
1780 84 1716 1777 1
220 1929 1937 1939 1
659 660 662 663 1
1780 84 1777 1773 1
1606 1609 1607 1552 1
265 1995 136 848 1
1773 1782 1781 1757 1
1773 1771 1782 1757 1
1929 1939 220 210 1
1781 1784 1783 1762 1
210 1929 1939 257 1
1781 1782 1784 1757 1
1783 1784 1785 1762 1
1779 1781 1716 1780 1
1929 238 210 220 1
1681 1666 1969 1691 1
1787 1778 1786 1779 1
1787 1762 1778 1779 1
1779 1787 1762 1781 1
1762 1783 1781 1787 1
2050 415 430 412 1
1787 1789 1778 1762 1
206 107 133 108 1
1790 1723 1778 1762 1
1762 1787 1789 1783 1
1789 1790 1778 1762 1
1723 1762 1790 1791 1
1762 1789 1790 1783 1
1785 1790 1762 1791 1
1783 1790 1762 1785 1
1785 1762 1757 1791 1
1785 1791 1757 1792 1
1794 1799 1757 1792 1
1793 1784 1757 1785 1
218 247 210 1149 1
1757 1792 1793 1785 1
1793 1757 1769 1792 1
1757 1791 1794 1792 1
12 1894 1906 1893 1
1893 1894 1906 13 1
1757 1769 1792 1863 1
1791 1790 1723 1795 1
1796 1723 1795 1791 1
1794 1791 1723 1796 1
1796 1794 1797 1723 1
1797 1723 1794 1754 1
1797 1754 1794 1798 1
1757 1799 1863 1792 1
2027 598 595 597 1
12 1894 1893 1948 1
1732 1722 1741 1735 1
1834 1818 1686 1689 1
1800 1778 1795 1723 1
1800 1795 1801 1796 1
1795 1790 1723 1778 1
1802 1796 1723 1800 1
645 1802 1723 1800 1
1802 1801 1796 1800 1
595 612 2025 597 1
1803 1802 1723 645 1
607 595 612 2025 1
1761 1798 1804 1861 1
1754 1761 1798 1804 1
1802 1803 1723 1797 1
1796 1723 1797 1802 1
2 8 1880 1764 1
1611 1918 1552 1618 1
1764 2 1173 1880 1
259 1411 1509 1508 1
1754 1804 1797 1759 1
1754 1798 1797 1804 1
1754 1863 1798 1761 1
1617 900 1622 1612 1
1835 1834 1907 1689 1
1907 1834 1686 1689 1
1806 1726 1805 1803 1
1479 1480 1484 1899 1
273 494 2057 531 1
1899 1485 1480 1484 1
1806 1759 1760 1754 1
1806 1754 1760 1732 1
1807 1726 1805 1806 1
1732 1726 1807 1806 1
1760 1732 1807 1806 1
1732 1807 1808 1760 1
1759 1809 1760 1857 1
1760 1732 1810 1808 1
1810 1732 1760 1857 1
1810 1857 1760 1809 1
1726 1807 1734 1732 1
1732 1807 1734 1808 1
1808 1732 1737 1734 1
1808 1732 1810 1737 1
1741 1732 1810 1857 1
1810 1732 1741 1737 1
1726 1733 1734 1807 1
1722 1719 1727 1734 1
1805 1811 645 1726 1
1726 1725 1733 1811 1
1807 1811 1805 1726 1
1726 1811 1733 1807 1
1716 222 1711 1712 1
1734 1719 1727 1726 1
1811 645 1813 1805 1
1969 1687 1683 870 1
6 1764 17 1898 1
1679 1667 787 1675 1
1800 1697 645 1815 1
1803 1814 1815 645 1
645 1814 1813 1803 1
1802 1815 1800 645 1
1802 1815 645 1803 1
1805 645 1813 1803 1
1813 1816 1817 1696 1
1813 1696 1817 1814 1
1816 1812 1696 1813 1
1950 1667 787 1679 1
543 458 651 650 1
1388 1968 1387 1154 1
1484 1485 1480 1901 1
1964 1899 1479 1486 1
1331 1312 1325 1326 1
2028 594 600 595 1
563 565 559 1986 1
563 1986 559 558 1
887 884 2017 894 1
1598 1599 1894 1893 1
1677 1758 2018 1950 1
157 151 1992 1931 1
592 594 590 2028 1
564 2028 590 600 1
1824 1962 1825 1827 1
1678 1758 2018 1677 1
1169 1170 1168 1171 1
1697 1800 1821 1826 1
1778 1821 1822 1697 1
2028 594 590 600 1
1926 1953 1500 1502 1
1697 1824 1815 1800 1
1826 1962 1827 1825 1
1824 1697 1827 1800 1
823 1118 825 826 1
1826 1697 1800 1827 1
429 2050 426 412 1
1985 1829 1817 1823 1
104 211 212 209 1
1702 1816 1696 1274 1
1697 645 1696 1904 1
1812 1816 1696 1702 1
1812 1816 1702 1828 1
1812 1702 1703 1828 1
1816 1829 1274 1830 1
1274 1828 1816 1830 1
451 452 446 453 1
1637 901 1659 1648 1
1828 1816 1702 1274 1
1274 1828 1690 1702 1
1702 1703 1828 1690 1
1274 1828 1830 1685 1
1685 1828 1690 1274 1
1626 1420 1625 1624 1
2065 2060 820 1091 1
604 1721 611 597 1
1713 1726 1904 1714 1
261 804 824 823 1
1663 1832 1829 1833 1
1663 1274 1830 1685 1
1829 1832 1663 1830 1
623 2076 628 611 1
1601 1585 1919 1909 1
892 2036 1971 652 1
317 309 313 986 1
1837 1686 1834 1819 1
1819 1686 1834 1818 1
858 1056 1034 1075 1
1874 1875 979 38 1
1686 1820 1837 1836 1
1838 1686 1836 1825 1
1820 1686 1837 1819 1
565 564 559 1986 1
1686 1825 1820 1836 1
1986 564 559 558 1
1832 1839 1833 1663 1
1831 1833 1839 1663 1
815 813 812 1976 1
1831 1643 1840 473 1
177 171 180 2063 1
1641 1839 1639 1655 1
1403 2002 1405 1413 1
1642 1639 1641 1839 1
1575 1576 1614 268 1
7 1289 1999 10 1
1661 1663 1662 1685 1
1662 1832 1830 1663 1
1661 1663 1685 1665 1
1663 1830 1662 1685 1
13 1906 14 1894 1
1909 1584 1586 1585 1
1844 473 1643 1652 1
1682 1013 1020 1971 1
1651 473 1844 1652 1
167 2049 168 166 1
1527 1529 1542 1416 1
1581 1909 1585 1584 1
1840 1643 1844 473 1
2053 1013 1020 1682 1
1682 1003 1042 1020 1
473 1844 1837 1651 1
1840 1844 1837 473 1
2063 171 180 179 1
816 817 814 804 1
1845 1846 1835 1689 1
1818 1846 1689 1835 1
814 809 801 805 1
1245 1249 1231 1251 1
733 855 2072 856 1
1150 1575 1614 1853 1
2029 1614 1577 1852 1
1697 1778 1821 1800 1
1822 1786 1847 1778 1
1847 1821 1822 1778 1
224 236 220 241 1
1847 1778 1786 1787 1
240 236 224 241 1
1778 1847 1821 1790 1
1787 1847 1778 1789 1
1789 1847 1778 1790 1
1795 1821 1800 1826 1
1826 1795 1801 1800 1
1795 1790 1778 1821 1
1800 1795 1796 1723 1
1800 1824 1815 1801 1
1824 1800 1827 1801 1
1801 1815 1800 1802 1
1826 1800 1801 1827 1
1668 1848 1644 1672 1
1644 1672 1848 1620 1
1841 1672 1644 1620 1
1841 1620 1644 1649 1
1656 1618 1634 1644 1
1618 1619 1644 1621 1
453 446 450 454 1
1620 1618 1644 1621 1
1649 1619 1621 1644 1
1644 1668 1618 1848 1
1848 1620 1618 1644 1
1649 1644 1621 1620 1
1607 1620 1615 1618 1
1618 1848 1607 1620 1
513 518 501 521 1
2039 384 383 373 1
1284 204 202 1973 1
1618 1609 1607 1668 1
1668 1607 1618 1848 1
1826 1962 1820 1819 1
1992 151 149 1931 1
369 2039 373 384 1
161 1450 1957 1451 1
1953 1925 1504 1507 1
1219 1225 2067 1220 1
164 1992 149 1931 1
1533 281 263 445 1
1337 1332 1301 1333 1
1851 1656 1850 1635 1
979 47 36 2019 1
1924 795 793 495 1
889 1011 1013 1018 1
918 916 937 939 1
1218 1226 1223 1221 1
8 2003 1909 1593 1
1569 433 1928 1570 1
1212 1221 1226 1218 1
204 2074 257 1939 1
876 875 893 2017 1
1654 1854 1150 1635 1
862 845 847 1995 1
1150 1635 1636 1654 1
1768 1757 1769 1793 1
847 1995 265 848 1
1995 845 847 265 1
1654 1854 1853 1150 1
1637 1641 1655 1659 1
504 2048 500 507 1
492 1932 832 514 1
1577 1614 1580 1576 1
1238 187 1240 188 1
186 1240 187 188 1
1853 1575 1614 1852 1
1514 1506 1095 1511 1
1596 1855 1575 1150 1
1596 1636 1855 1150 1
1150 1855 1575 1856 1
1856 1636 1150 1855 1
1150 1575 1853 1856 1
1552 1918 1609 1618 1
1856 1150 1636 1654 1
1856 1150 1654 1853 1
1596 1855 1592 1575 1
1856 1599 1592 1575 1
1855 1592 1575 1856 1
1575 1599 1598 1856 1
1669 1618 1921 1668 1
1853 1575 1598 1856 1
1598 1575 1853 1852 1
1629 1596 1150 1632 1
1636 1596 1632 1150 1
1810 1741 1858 1737 1
1859 1857 1810 1809 1
1859 1741 1810 1857 1
1858 1741 1810 1859 1
1737 1741 1858 1738 1
1759 1860 1809 1857 1
1761 1861 1860 1857 1
1857 1860 1809 1862 1
1857 1861 1860 1862 1
1809 1862 1859 1857 1
1863 1798 1761 1861 1
1761 1759 1754 1857 1
645 1813 1904 1811 1
1863 1861 1864 1798 1
1799 1865 1864 1863 1
1864 1799 1863 1798 1
1799 1865 1863 1792 1
1769 1866 1792 1863 1
1863 1866 1792 1865 1
1878 1537 1876 1875 1
979 1537 1875 1876 1
1769 1792 1866 1793 1
1867 1768 1769 1793 1
1769 1866 1867 1793 1
1784 1782 1772 1757 1
1757 1782 1772 1771 1
1793 1772 1757 1784 1
1867 1772 1768 1793 1
8 23 1593 27 1
23 1589 2003 1593 1
2046 147 139 146 1
145 147 2046 146 1
1626 1624 1634 1420 1
2068 345 353 354 1
1555 21 1994 1556 1
22 1994 1555 28 1
45 1556 1994 1559 1
1577 268 1576 1573 1
22 28 1555 1868 1
622 620 612 2047 1
1007 930 1006 2058 1
25 28 22 1869 1
1873 25 22 1869 1
524 2035 1277 501 1
1869 28 22 1868 1
22 25 1873 1890 1
1697 1778 1913 1822 1
18 23 19 714 1
1908 771 776 774 1
776 1908 774 1120 1
13 7 11 1999 1
1915 1976 2071 822 1
1868 47 1871 1554 1
36 1873 1872 1890 1
1868 36 1870 979 1
1305 1302 1304 1356 1
36 1870 979 1872 1
822 1086 2013 1064 1
1868 1870 1871 979 1
1870 36 1869 1873 1
22 1869 1868 36 1
1870 1868 1869 36 1
1041 1040 1682 1043 1
1530 1888 1529 1523 1
62 47 979 2019 1
855 840 258 136 1
1872 1874 979 36 1
1377 1374 1378 1373 1
62 47 1871 979 1
979 1876 1875 1874 1
979 1872 1876 1874 1
1877 1870 1872 979 1
1412 1513 1408 1523 1
825 811 768 1118 1
1544 1871 1870 979 1
1537 979 1875 1540 1
825 768 811 1110 1
1877 979 1872 1876 1
979 1544 1877 1870 1
825 768 826 1118 1
58 60 45 1562 1
1537 1877 1876 979 1
979 1544 1537 1877 1
159 1931 156 772 1
1871 1554 47 62 1
1545 1871 1546 1554 1
17 58 45 1562 1
1246 1871 1545 1554 1
1548 1544 1545 1871 1
1548 1545 1246 1871 1
1537 1544 1538 1877 1
1878 1876 1874 1875 1
76 1875 1540 1537 1
1110 1111 768 811 1
1529 1875 1537 1878 1
1548 1539 1545 1544 1
1537 1535 1878 1876 1
1877 1537 1876 1538 1
1537 1535 1529 1878 1
1537 1538 1535 1876 1
1878 1529 1518 1535 1
1875 1878 1879 1874 1
1875 1529 1879 1878 1
1529 1879 1878 1518 1
870 1689 1687 1684 1
1530 1529 1875 76 1
1326 1979 1329 1301 1
1519 1879 1529 1518 1
1518 1519 1416 1529 1
1303 1304 1299 1302 1
76 1875 1537 1529 1
1303 1299 1300 1302 1
1540 79 52 76 1
1523 1416 1527 1422 1
62 52 1540 196 1
1598 1893 1567 1599 1
1110 1111 826 768 1
1716 1699 1896 1779 1
886 33 1898 1543 1
245 224 240 444 1
825 826 768 1110 1
245 229 224 444 1
1028 1982 955 981 1
62 195 196 1546 1
1530 54 76 1875 1
76 1875 54 1540 1
1530 77 76 54 1
77 80 72 69 1
1884 1530 54 77 1
77 72 76 69 1
825 811 1945 831 1
61 56 52 70 1
659 665 660 663 1
43 40 38 2016 1
1674 870 1687 1684 1
43 54 38 42 1
1326 1333 1979 1301 1
654 458 653 651 1
1995 733 1970 846 1
985 907 1001 2053 1
1896 911 1701 1699 1
1765 1771 1773 1757 1
1882 1883 54 42 1
1373 1374 1378 1991 1
1883 55 54 42 1
1882 1884 54 1883 1
1883 73 54 55 1
54 1883 1884 73 1
1882 1530 54 1884 1
1882 1885 1530 1884 1
1884 1885 1530 1528 1
432 212 726 1929 1
43 38 54 2016 1
1884 1886 1527 77 1
1886 91 1527 77 1
1150 1854 1853 2029 1
91 1456 90 1886 1
92 90 91 1456 1
1528 1527 1886 1454 1
1528 1886 1458 1454 1
1885 1521 1530 1528 1
1882 1530 1885 1887 1
1885 1530 1521 1887 1
1887 1521 1522 1530 1
612 595 614 1954 1
909 892 907 890 1
1714 1904 222 284 1
1529 1888 1875 1879 1
1522 1887 1530 1888 1
1529 1888 1879 1523 1
1522 1530 1523 1888 1
865 866 882 1922 1
1717 940 1709 1720 1
259 1511 1411 1508 1
1879 1874 39 1875 1
1879 1875 39 41 1
1879 1875 41 1888 1
1926 1501 1953 1502 1
733 855 258 136 1
876 887 874 2017 1
41 1875 39 38 1
38 41 1875 40 1
1376 1377 1378 1373 1
1875 41 1888 40 1
309 310 986 308 1
665 577 2022 573 1
37 39 1874 36 1
1773 84 1718 1770 1
1889 37 1874 36 1
1889 1872 1890 36 1
36 1889 1872 1874 1
42 32 30 1881 1
43 1881 42 30 1
42 46 32 53 1
1881 42 32 53 1
1753 84 1770 1718 1
22 1890 29 25 1
15 1889 29 1890 1
863 857 867 1956 1
15 26 29 37 1
26 37 15 18 1
1879 1529 1523 1519 1
433 44 1569 886 1
183 184 190 185 1
1266 1269 1404 1181 1
1966 2021 401 1476 1
2056 1386 1377 1373 1
1510 1378 1377 1891 1
1505 1891 1510 1377 1
1891 1377 1374 1378 1
757 754 775 767 1
1724 1904 1703 1725 1
778 213 224 236 1
778 213 226 224 1
779 213 226 778 1
778 236 224 240 1
444 226 224 778 1
444 224 240 778 1
702 226 778 779 1
444 226 778 702 1
702 779 778 706 1
444 229 224 226 1
1496 1926 1500 1900 1
401 1966 1476 396 1
786 287 289 290 1
784 287 786 290 1
535 538 521 810 1
521 799 535 810 1
1083 1089 824 2071 1
824 1089 807 2071 1
830 807 819 824 1
925 907 1046 926 1
907 1004 1001 2053 1
1150 1611 1918 1614 1
642 891 904 885 1
981 955 1028 956 1
1028 981 956 958 1
981 953 946 955 1
953 981 956 955 1
953 957 956 981 1
981 957 956 958 1
1029 981 958 1892 1
958 981 957 959 1
958 981 959 1892 1
981 1892 1029 983 1
1892 977 975 983 1
977 989 975 983 1
1936 1527 198 1542 1
977 989 976 975 1
261 982 823 821 1
938 952 954 963 1
989 991 977 976 1
981 1029 1009 983 1
39 1902 36 37 1
945 905 946 903 1
946 905 955 903 1
905 945 897 898 1
905 903 945 898 1
905 897 945 906 1
938 906 910 905 1
273 1788 460 464 1
945 897 947 906 1
913 906 947 912 1
917 913 947 912 1
917 943 947 913 1
963 942 941 938 1
938 941 963 964 1
951 963 952 942 1
110 87 114 98 1
1282 176 1997 177 1
1893 1567 1592 10 1
1592 1893 10 13 1
1893 13 1 10 1
1932 517 523 514 1
1201 1209 1208 1206 1
1893 1 1898 10 1
1571 1919 1948 1573 1
1598 1569 1567 1893 1
1894 1596 13 1592 1
1575 1894 1592 1596 1
1575 1894 1596 1961 1
337 1949 348 346 1
1632 1635 1150 1624 1
1676 1914 1674 1684 1
1432 1427 102 203 1
945 906 946 905 1
1424 769 198 202 1
1797 2006 1754 1759 1
1697 1713 1895 1896 1
1778 1786 1913 1822 1
1778 1896 1716 1713 1
447 1982 1007 910 1
878 1956 875 652 1
481 476 478 474 1
1503 1897 1506 1509 1
1925 1508 1507 1897 1
45 1994 17 1558 1
230 246 227 254 1
1973 1939 257 210 1
1751 1651 1842 1912 1
1292 1291 1287 1169 1
1175 1839 1832 1663 1
1692 911 1895 419 1
1487 1489 1485 1899 1
1494 1900 1500 1492 1
1476 1966 1901 396 1
1474 402 1483 1966 1
1494 1496 1500 1900 1
1900 1492 1494 1965 1
891 883 1922 875 1
885 883 1922 891 1
1579 1849 1959 1580 1
490 480 483 1421 1
185 2063 179 170 1
480 490 489 1421 1
722 2061 1446 140 1
1901 1482 396 1483 1
1483 1481 1901 1482 1
1483 1481 1474 1901 1
1476 1482 396 1901 1
1336 421 1337 1345 1
1100 982 1102 1098 1
437 402 2021 1966 1
1421 1988 484 483 1
1175 901 1641 473 1
2003 1906 1587 5 1
1814 1985 1696 1817 1
315 277 316 313 1
315 310 316 277 1
1758 1666 1969 1941 1
1569 1567 1893 1898 1
1914 1841 1842 1843 1
880 878 652 868 1
313 315 314 1903 1
1662 1659 1663 1661 1
324 326 330 1903 1
324 315 326 1903 1
1336 1342 421 1344 1
1476 1966 1474 1901 1
1474 1966 1483 1901 1
1641 1839 1655 1175 1
2040 1356 1355 1358 1
722 146 2061 140 1
1764 1946 8 6 1
338 1949 345 348 1
1854 2029 1577 1852 1
1893 1 6 1898 1
803 807 806 804 1
1600 851 1575 1595 1
1496 1501 1498 1926 1
805 804 807 803 1
1379 1381 1375 1362 1
1527 91 1886 1454 1
897 729 879 899 1
18 714 19 5 1
1994 2 28 22 1
1646 1641 1643 1640 1
1587 851 1905 1594 1
1600 1594 1905 851 1
822 813 261 2060 1
1579 1959 1576 1580 1
1959 1614 1576 1580 1
1043 1049 1042 1041 1
1600 1602 1905 1594 1
1221 1226 1223 1216 1
1446 2061 116 140 1
2061 146 116 140 1
1970 846 1074 1078 1
1411 2056 1509 1508 1
2053 1003 1682 1020 1
1500 1503 1953 1498 1
1004 1003 1001 2053 1
707 217 778 711 1
521 797 799 1930 1
1584 21 1946 1583 1
204 1279 2008 218 1
1880 15 2 1173 1
259 1981 1509 1411 1
771 432 212 104 1
1726 645 1904 1811 1
1586 1583 1909 1591 1
1586 1583 1584 1909 1
1487 1910 1477 1525 1
1487 1486 1964 1910 1
1487 1495 1486 1910 1
150 141 1911 151 1
150 1911 149 151 1
149 144 145 1911 1
2065 822 261 2060 1
150 148 1911 141 1
1613 1611 1618 2026 1
245 241 227 244 1
313 986 277 1960 1
2071 1976 813 822 1
855 1051 2072 856 1
1479 1480 1901 1484 1
1277 506 500 507 1
1837 1751 1651 1834 1
891 642 875 1922 1
1498 1500 1499 1998 1
1841 1672 1912 1644 1
1841 1644 1912 1649 1
1647 1649 1912 1644 1
1697 1895 1913 1896 1
1944 1973 1285 1120 1
1944 210 1973 1120 1
490 515 1932 2023 1
340 1949 337 346 1
659 663 661 664 1
1079 1084 1915 1085 1
1083 1084 1915 1079 1
1065 1090 1088 1064 1
1854 1952 1658 1851 1
652 875 642 1922 1
1500 1503 1502 1953 1
1274 1696 1692 1980 1
1692 1274 1980 1941 1
1681 1972 1969 1666 1
315 312 310 1916 1
1967 795 517 514 1
284 1703 1904 1702 1
2072 860 1047 854 1
803 800 1917 806 1
800 806 812 1917 1
800 812 1984 1917 1
1380 1387 1384 1968 1
1555 47 1556 2010 1
1918 1608 1849 1959 1
1906 5 1 9 1
1682 1042 1971 1020 1
1282 176 174 1997 1
1894 1599 1592 1893 1
227 239 246 2032 1
1919 1579 1576 1573 1
1578 1579 1919 1573 1
863 1763 868 866 1
832 523 1932 2034 1
2023 523 1932 501 1
1850 1849 1983 1670 1
863 1956 867 1763 1
1360 2040 1379 1362 1
458 650 544 460 1
30 1920 35 4 1
34 4 35 1920 1
1330 1903 315 324 1
1982 447 1017 1028 1
8 1880 1 714 1
1330 314 315 1903 1
1207 1208 1201 1211 1
1979 1338 1333 1334 1
577 574 573 572 1
2058 930 1006 985 1
1692 1972 1969 1694 1
357 367 358 2051 1
1669 1668 1921 1927 1
1907 1686 1963 1941 1
1295 1303 1174 1299 1
1851 1658 1923 1952 1
498 486 1924 789 1
795 1924 789 498 1
789 795 793 1924 1
791 789 793 1924 1
1509 1510 1925 1508 1
1508 1925 1504 1510 1
1925 1505 1504 1510 1
1509 1510 1505 1925 1
1144 1155 1151 1141 1
927 747 910 930 1
1946 1994 1764 2 1
1704 284 1694 1706 1
1704 1698 284 1706 1
317 309 986 308 1
1715 1712 1709 1716 1
1692 1698 284 1704 1
1692 284 1694 1704 1
284 1692 1694 1702 1
1421 480 476 481 1
213 1929 208 207 1
612 1954 614 615 1
1668 1927 1674 1676 1
1927 1668 1672 1676 1
1843 1914 1672 1684 1
1669 1668 1927 1674 1
1721 611 597 2047 1
6 1571 1928 1566 1
72 80 100 79 1
1182 1177 1264 1181 1
433 6 1928 1566 1
1850 1670 1923 1673 1
1174 1169 1172 1295 1
808 1945 2034 832 1
1005 2053 985 1002 1
767 766 727 104 1
186 176 1282 177 1
186 1282 181 177 1
1893 1571 1928 6 1
1893 1571 1570 1928 1
1646 1652 1643 1641 1
156 152 1931 153 1
851 1905 1600 12 1
1587 1906 1442 5 1
803 804 806 1917 1
80 100 199 203 1
1837 473 1651 1751 1
1701 1786 1896 1779 1
1896 1699 1701 1779 1
1882 1530 1887 2016 1
525 536 522 518 1
1910 1477 1467 1478 1
1601 1600 1905 12 1
1597 1602 1905 1601 1
1601 1600 1602 1905 1
521 518 501 524 1
810 522 518 524 1
1345 1343 1351 1350 1
1344 1345 1351 1350 1
909 925 892 902 1
1980 1686 1962 1689 1
798 800 1930 803 1
1930 800 802 803 1
1083 1976 2071 1915 1
802 523 521 1930 1
803 801 1930 798 1
2050 439 426 430 1
157 151 1931 158 1
164 157 1931 158 1
159 158 164 1931 1
1590 1342 1951 1325 1
1970 858 1074 1068 1
881 892 902 729 1
1381 1933 1380 1379 1
1381 1373 1380 1933 1
9 1906 5 1442 1
1896 1711 911 1699 1
1332 1590 1951 1331 1
1997 172 175 174 1
459 548 472 528 1
34 1920 35 1934 1
204 1939 66 2074 1
165 159 156 772 1
1656 1648 1923 1670 1
1923 1648 1673 1670 1
676 682 680 679 1
679 682 680 678 1
682 677 678 679 1
34 1920 16 4 1
1835 1818 1834 1689 1
1592 1894 1893 13 1
1906 13 1 1893 1
176 177 175 1997 1
177 172 175 1997 1
2034 816 802 811 1
523 832 1932 514 1
501 517 523 1932 1
1376 2056 1377 1373 1
602 607 604 2025 1
1880 15 1173 3 1
2048 2024 1277 507 1
163 165 1974 772 1
223 224 1937 225 1
905 910 981 1982 1
1927 1912 1672 1644 1
901 1912 1927 1644 1
1007 1017 981 1982 1
1964 1899 1487 1480 1
1964 1480 1475 1479 1
28 2 25 22 1
1672 1841 1914 1843 1
167 173 168 2049 1
172 168 173 2049 1
1927 1914 1672 1912 1
1841 1672 1914 1912 1
722 154 2061 146 1
30 1934 35 1920 1
406 405 1938 404 1
406 403 1938 752 1
2040 1359 1381 1362 1
21 28 1994 2 1
752 1938 406 741 1
799 1984 800 812 1
708 444 440 434 1
84 1718 1777 1773 1
261 822 2065 821 1
803 801 814 1930 1
323 317 313 1960 1
15 22 1173 2010 1
1818 1913 1846 1822 1
338 350 348 345 1
775 759 1435 1436 1
1686 1829 2033 1985 1
1896 1786 1778 1779 1
1701 1786 1913 1896 1
261 816 1118 813 1
492 1932 489 1112 1
395 394 398 1955 1
394 1955 389 398 1
177 171 2063 170 1
185 177 2063 170 1
1421 490 489 1932 1
392 1955 394 391 1
395 391 394 1955 1
1671 1680 787 1679 1
1680 1950 787 1679 1
1696 1812 1904 1813 1
841 845 265 830 1
20 1583 2030 1946 1
315 316 1903 313 1
315 316 326 1903 1
616 618 613 1940 1
1175 1659 1663 1662 1
1446 154 116 2061 1
1613 1611 2026 1617 1
335 267 338 339 1
344 1977 333 322 1
1689 1686 1907 1941 1
1758 870 1907 1941 1
123 1269 1273 1278 1
2051 367 368 369 1
2074 1939 66 207 1
846 864 845 1082 1
1912 1651 1842 1649 1
1842 1649 1841 1912 1
1015 1024 642 1025 1
1692 1704 1969 1698 1
1061 1088 1068 1080 1
1971 1045 1020 1042 1
12 1601 1576 1919 1
1719 2042 1723 84 1
1478 1964 1475 1479 1
1919 1581 1585 1582 1
1601 1585 1576 1919 1
1942 627 1191 1197 1
1942 627 624 1191 1
1196 627 624 1942 1
1901 1482 1480 1476 1
1751 1758 1914 1684 1
423 240 2014 429 1
2030 1583 1909 1946 1
1684 1907 1751 1758 1
1907 1843 1684 1751 1
1282 181 174 182 1
176 1282 174 182 1
1948 1573 1576 268 1
1604 1585 1576 1601 1
151 152 147 1943 1
1410 1387 1386 1981 1
147 145 141 1943 1
1713 1723 1800 645 1
145 153 149 1943 1
1943 153 149 151 1
153 152 151 1943 1
1149 247 1944 1158 1
1944 1973 1284 1285 1
1944 247 210 237 1
1149 247 210 1944 1
795 517 796 495 1
513 796 517 495 1
794 796 513 495 1
794 798 513 796 1
217 711 1453 215 1
456 457 441 445 1
2008 1275 219 218 1
66 2008 219 218 1
1946 1584 2066 1568 1
1946 6 17 1568 1
1973 776 2000 1120 1
21 1584 1946 1568 1
37 15 18 34 1
1901 282 1476 1480 1
1419 2000 1423 1285 1
156 152 153 1947 1
156 1947 153 145 1
153 1947 1943 145 1
1943 1947 147 145 1
155 1947 156 145 1
1778 1723 1800 1713 1
1778 1800 1697 1713 1
204 201 205 2008 1
880 878 1044 1971 1
1598 1948 1894 1575 1
1948 1598 1894 1893 1
641 501 1988 1421 1
345 1949 338 340 1
346 347 2068 355 1
1093 1094 820 1103 1
1094 1093 2065 2013 1
1107 1398 524 813 1
1107 1106 524 1398 1
524 1277 518 501 1
1277 499 519 518 1
2023 515 1932 523 1
156 159 153 1931 1
520 802 811 2035 1
1671 787 2018 1648 1
1659 1660 1637 1952 1
1664 1660 1659 1952 1
1845 1846 1913 1786 1
1822 1846 1786 1913 1
36 15 1890 1889 1
1614 2029 1853 1852 1
1845 1846 1689 1913 1
515 490 483 2023 1
819 807 804 824 1
1599 1598 1894 1575 1
1795 1821 1778 1800 1
1754 1283 1757 84 1
1379 1154 1380 1968 1
1900 1965 1494 1496 1
825 826 834 823 1
417 351 271 422 1
1773 1757 84 1765 1
2041 1191 1193 1192 1
1696 1697 1815 645 1
1829 1663 1274 1830 1
814 804 803 802 1
1955 390 389 398 1
395 1955 398 390 1
395 391 1955 390 1
2041 1195 1191 1192 1
1972 1690 1685 1665 1
1953 1503 1502 1505 1
907 2058 985 927 1
1918 1150 2029 1635 1
1227 1229 1230 1232 1
1451 1974 1957 161 1
1930 523 521 517 1
1367 1366 1991 1368 1
2036 925 892 1020 1
874 876 1956 857 1
602 607 2025 595 1
1635 1952 1851 1656 1
162 1449 685 1957 1
1449 1450 685 1957 1
161 1450 1449 1957 1
481 2057 482 641 1
1176 1177 1147 719 1
1726 1904 1725 1811 1
277 986 313 311 1
1797 1723 2006 1803 1
1944 1121 1158 248 1
1632 1635 1636 1150 1
444 435 778 434 1
815 813 1976 1087 1
1121 1286 1120 1944 1
1328 1979 1333 1334 1
1158 1153 1287 1278 1
82 78 69 71 1
1165 1126 1133 1131 1
1487 1492 1965 1494 1
277 316 1960 310 1
714 5 1 2003 1
1587 1905 851 1442 1
822 813 2060 1087 1
874 2017 877 1956 1
1580 1918 1849 1959 1
1489 1492 1965 1487 1
6 1928 1898 433 1
1919 1576 1948 1573 1
1919 1576 12 1948 1
1571 1919 12 1948 1
1967 1932 1987 492 1
1961 1894 1596 14 1
14 1629 1596 1961 1
1961 1629 1596 1150 1
874 876 857 260 1
14 1629 1961 1588 1
1303 1302 1300 1360 1
1614 1918 1580 1959 1
1274 1816 1696 2033 1
1803 1805 645 1726 1
164 157 1992 1931 1
1697 1962 1821 1822 1
1962 1818 1821 1822 1
1819 1962 1818 1821 1
1686 1818 1819 1962 1
1689 1818 1686 1962 1
1948 1571 1893 12 1
492 1932 1987 489 1
1496 1965 1490 1493 1
1176 1181 1177 1182 1
1645 1652 1641 1912 1
439 436 431 711 1
1002 1012 1682 1041 1
1682 1003 1002 1041 1
204 206 89 257 1
380 343 1977 321 1
325 1977 344 322 1
1951 1325 1329 1326 1
2036 880 1971 652 1
245 1533 445 271 1
1836 1686 1963 1837 1
1581 1919 1585 1909 1
1478 1486 1964 1479 1
419 1692 1700 1698 1
1478 1477 1475 1964 1
1900 1965 1496 1493 1
1965 1491 1490 1493 1
1492 1491 1965 1493 1
1900 1492 1965 1493 1
1608 1609 1983 1669 1
2017 875 893 894 1
1918 1609 1983 1608 1
1966 2021 1476 1474 1
44 1543 433 58 1
1788 463 453 451 1
437 1966 2021 401 1
45 2010 51 1543 1
1575 1576 1948 12 1
2013 1062 1063 821 1
1967 1987 495 498 1
495 498 795 1967 1
1967 498 795 514 1
514 492 1967 498 1
514 1932 1967 492 1
495 795 517 1967 1
1083 1089 841 824 1
1329 1338 1979 1330 1
15 1920 18 34 1
51 61 52 62 1
1752 103 102 80 1
1417 1529 1416 1542 1
889 1043 877 878 1
1043 861 877 878 1
1639 1633 1631 1420 1
1683 1700 1969 1698 1
1969 1700 1692 1698 1
1083 1089 2071 806 1
735 731 732 48 1
1695 1692 1969 1700 1
1695 1969 1683 1700 1
1969 1683 1687 1695 1
1224 1251 1225 1250 1
1498 1897 1953 1507 1
45 1543 51 58 1
524 2035 520 1277 1
2010 31 51 1543 1
916 747 936 938 1
1337 1301 1336 1333 1
875 889 878 1971 1
1971 652 878 875 1
815 1087 1976 1084 1
812 815 1976 1084 1
2016 54 1882 1530 1
1690 1694 1688 1972 1
1693 1694 1972 1688 1
1693 1972 1666 1688 1
1716 1896 1711 222 1
198 769 1419 1284 1
1716 84 940 1718 1
1342 1350 421 1344 1
397 402 437 1966 1
1975 1903 316 313 1
1566 1562 1564 433 1
841 830 836 824 1
771 104 212 209 1
1635 1854 1150 2029 1
1421 1932 501 2023 1
1715 1711 1712 1716 1
204 89 202 257 1
1781 1784 1762 1757 1
1715 1699 1711 1716 1
417 2014 425 429 1
728 731 766 48 1
1794 1757 1283 1791 1
1283 1757 1762 1791 1
1754 1283 1794 1757 1
1240 1238 188 1241 1
1147 1177 1171 1170 1
1950 1758 2018 1914 1
1909 1601 12 1919 1
520 811 515 2035 1
42 30 31 1934 1
1274 1829 2033 1686 1
1960 316 277 313 1
1606 1608 1918 1959 1
323 1960 313 316 1
323 1960 316 321 1
1961 851 2045 1623 1
1651 473 1912 1751 1
1212 1214 1210 1219 1
1835 1843 1751 1842 1
1651 1751 1842 1835 1
1834 1835 1751 1651 1
1835 1843 1907 1751 1
1692 1969 911 1695 1
1682 1012 1040 1041 1
1042 1003 1682 1041 1
1013 1012 889 1682 1
1013 1012 1682 1002 1
707 711 778 706 1
1953 1503 1505 1925 1
158 152 1931 772 1
812 1083 1976 2071 1
1952 1675 1664 1658 1
18 1880 2073 15 1
2059 311 1323 1321 1
93 91 90 77 1
2 15 29 22 1
820 982 1093 1098 1
1229 1232 1233 1235 1
2031 171 169 166 1
169 2031 166 150 1
1977 343 333 321 1
344 343 333 1977 1
380 343 344 1977 1
325 344 1977 380 1
878 1978 1048 1047 1
1978 860 1048 1047 1
1047 1978 2072 861 1
1047 878 1978 861 1
1823 1985 1838 1824 1
595 596 1954 597 1
1954 596 613 597 1
42 51 2019 31 1
1327 1326 1329 1325 1
771 212 257 209 1
1713 1800 1697 645 1
1367 1991 1375 1372 1
1407 1388 1387 1981 1
1407 1388 1981 1411 1
237 1944 248 2080 1
437 402 751 2021 1
1051 1049 1043 1041 1
1047 1043 878 861 1
1049 1043 1047 861 1
1049 1042 1047 1043 1
1694 1972 1690 1274 1
1274 1690 1694 1702 1
1692 1274 1694 1702 1
250 251 1128 254 1
1224 1245 1231 1251 1
153 152 1931 151 1
1931 152 158 151 1
464 463 453 1788 1
2035 523 2023 501 1
1606 1609 1918 1608 1
1637 1641 901 1645 1
1606 1611 1614 1918 1
1983 1849 1608 1670 1
1608 1669 1983 1670 1
652 1763 1956 1922 1
207 205 219 66 1
1849 1608 1918 1983 1
1849 1983 1918 2029 1
1820 1962 1826 1825 1
1820 1686 1962 1825 1
1899 1488 1479 1486 1
1899 1488 1484 1479 1
124 104 209 211 1
1485 1488 1484 1899 1
444 708 435 434 1
1984 810 815 812 1
810 799 812 1984 1
524 810 815 1984 1
524 1984 815 813 1
511 506 500 1277 1
512 506 511 1277 1
2028 595 600 598 1
1838 1686 1825 1985 1
49 1543 31 46 1
563 1986 558 566 1
1986 564 558 566 1
565 564 1986 566 1
563 565 1986 566 1
1836 1963 1831 1840 1
1840 1963 1831 473 1
492 1987 488 489 1
488 491 1987 492 1
498 1987 491 492 1
1575 1961 1150 1595 1
1520 1512 1522 1422 1
488 491 486 1987 1
17 2010 1994 45 1
1633 1624 1420 2011 1
1684 1689 1907 870 1
1714 1726 1904 1724 1
1179 1178 1177 719 1
483 1988 484 516 1
1985 1697 1962 1824 1
1989 752 748 741 1
750 1989 748 741 1
750 751 1989 741 1
750 763 748 1989 1
808 816 814 2034 1
352 348 349 416 1
760 759 775 1436 1
1975 329 326 330 1
579 2055 669 670 1
1375 1372 1991 1376 1
1350 1343 1347 2001 1
18 26 23 1880 1
27 23 1880 8 1
1375 1991 1373 1376 1
1366 1373 1375 1991 1
821 841 1064 1062 1
1587 1442 2045 5 1
1588 1442 5 2045 1
1575 268 1614 1852 1
852 849 855 136 1
1988 484 516 2048 1
884 1022 1019 1015 1
1904 284 1895 222 1
463 785 783 790 1
166 149 164 1992 1
1992 166 149 150 1
1992 150 149 151 1
157 150 1992 151 1
157 166 1992 150 1
1813 1904 1696 645 1
1669 1921 1656 1927 1
1648 1923 1671 1675 1
1679 787 1671 1675 1
1421 490 1932 2023 1
30 31 1920 1993 1
1993 31 1920 3 1
1993 1920 4 3 1
30 1920 4 1993 1
1645 1652 1646 1641 1
1994 1946 17 1568 1
1994 1559 21 1568 1
1346 1350 1590 1342 1
241 2004 238 243 1
241 243 238 2032 1
1388 1154 1411 1376 1
273 1788 458 460 1
277 1916 313 315 1
852 857 848 733 1
856 1057 1055 1068 1
74 82 80 69 1
232 220 218 247 1
612 597 1954 613 1
612 597 595 1954 1
397 402 399 437 1
1996 1906 1 1893 1
1996 1 6 1893 1
722 154 1446 2061 1
12 1906 1996 1893 1
6 8 1 1996 1
2003 1906 1 1996 1
181 174 180 1997 1
1997 171 174 180 1
177 171 1997 180 1
181 1997 180 177 1
181 1282 1997 177 1
172 171 1997 177 1
172 171 174 1997 1
1494 1495 1499 1998 1
1495 1497 1499 1998 1
1497 1498 1499 1998 1
1 5 1999 9 1
42 1882 53 1881 1
843 854 855 840 1
1524 1520 1516 1512 1
1524 1512 1516 1515 1
2055 674 676 675 1
34 15 1902 37 1
814 801 523 1930 1
1427 1425 2000 1426 1
1427 2000 202 1426 1
1427 1424 202 2000 1
1427 1424 2000 1425 1
15 2010 1173 31 1
80 86 1752 88 1
1991 1374 1378 1372 1
1376 1991 1378 1372 1
577 578 2022 575 1
1346 1350 1361 2001 1
1421 2023 1988 483 1
1354 1346 1590 1342 1
340 1949 336 337 1
1354 1346 1349 1590 1
1633 1624 1631 1420 1
1904 1812 1703 1725 1
1465 1910 1467 1478 1
1888 1530 1875 2016 1
525 536 518 499 1
538 513 518 536 1
1969 1681 1698 1704 1
241 2032 239 227 1
814 804 802 816 1
1675 1923 1671 1658 1
1851 1658 1671 1923 1
1304 1355 1302 1303 1
820 1093 2065 1094 1
803 804 1917 802 1
1659 1637 1648 1923 1
1149 1944 1284 1158 1
1125 1160 1146 1136 1
1656 1923 1648 1637 1
1331 1951 1332 1326 1
1339 1951 1342 1325 1
213 1937 236 1929 1
714 5 16 4 1
400 399 1938 751 1
403 400 399 1938 1
403 400 1938 752 1
1554 1868 47 1555 1
2040 1359 1358 1381 1
2003 1589 1587 1905 1
244 243 2032 252 1
1599 1894 1592 1575 1
1944 237 210 1120 1
313 986 309 311 1
19 1587 5 2003 1
23 2003 1587 19 1
23 1589 1587 2003 1
1686 2033 1696 1985 1
1028 447 955 1982 1
1289 1880 1898 3 1
981 1982 1017 1028 1
629 623 2005 610 1
445 271 442 423 1
773 432 770 427 1
1376 1373 1378 1991 1
18 26 1880 15 1
1689 1701 1687 1684 1
1173 17 2010 1994 1
123 1273 1418 1278 1
1689 1701 1684 1845 1
1845 1843 1689 1835 1
1638 1420 1637 1639 1
271 2014 245 244 1
1722 1729 1746 1744 1
675 581 2043 578 1
1990 219 221 232 1
221 232 225 1990 1
1990 232 220 218 1
218 219 1990 232 1
1962 1913 1818 1822 1
432 242 427 2004 1
432 726 236 1929 1
1332 1343 1590 1331 1
161 152 156 1947 1
161 1947 156 155 1
123 1417 1418 1532 1
832 2034 831 1945 1
2034 811 831 1945 1
1013 2058 1006 1005 1
808 816 2034 1945 1
1908 777 774 1120 1
261 1118 982 820 1
1920 1934 1902 31 1
497 499 641 513 1
513 517 641 495 1
161 1974 156 152 1
156 152 1974 772 1
163 772 1974 152 1
202 257 209 776 1
776 771 257 209 1
47 2010 2019 51 1
38 1875 54 2016 1
776 771 210 257 1
1202 1203 1204 1206 1
1197 1202 1204 1206 1
728 731 756 766 1
243 237 2032 249 1
215 1929 726 212 1
1797 1723 1754 2006 1
492 1932 1112 832 1
728 131 727 766 1
1474 1476 1901 282 1
1474 1475 1476 282 1
1474 1481 1475 282 1
2009 1341 1334 1335 1
1328 2009 1334 1335 1
1328 1330 2009 1335 1
1328 2009 1330 1979 1
1979 1338 2009 1330 1
1330 1338 2009 1340 1
1814 1985 1815 1696 1
813 802 804 816 1
1175 1950 1663 1659 1
1640 1645 1637 1626 1
1299 1174 1306 1304 1
906 909 729 908 1
2011 1654 1636 1635 1
1657 1654 1636 2011 1
1653 1657 1636 2011 1
1653 1636 1632 2011 1
1092 1062 1063 2013 1
1653 1657 2011 1637 1
642 652 1922 2012 1
642 896 892 2012 1
15 37 29 1889 1
1624 1622 1626 900 1
329 323 1975 325 1
916 906 910 938 1
1975 330 1903 313 1
329 323 313 1975 1
2079 857 874 859 1
1475 1474 2021 1472 1
604 2027 2025 597 1
1336 1338 1333 1979 1
1336 1338 1979 1329 1
84 1718 1716 1777 1
2013 1090 1091 1065 1
1064 1090 2013 1065 1
1062 1092 1065 2013 1
1090 1086 1064 2013 1
1090 1086 2013 1091 1
1978 867 860 850 1
2015 567 1935 576 1
2015 561 1935 567 1
2052 1096 1063 1099 1
1606 1918 1609 1552 1
659 663 662 661 1
1609 1618 1983 1669 1
776 767 1426 774 1
1037 884 1018 889 1
771 212 432 1929 1
43 54 1882 2016 1
1882 2016 1887 43 1
1887 40 43 2016 1
38 40 1875 2016 1
433 1564 1563 58 1
349 416 350 417 1
1566 1564 1563 433 1
493 273 2057 531 1
731 757 735 753 1
1274 2033 1696 1686 1
731 757 766 735 1
6 433 1898 17 1
1928 1569 1898 433 1
1489 1491 1488 1965 1
1899 1965 1489 1488 1
1487 1965 1489 1899 1
1451 1974 162 1957 1
2001 197 1363 1361 1
197 1359 1361 2001 1
1238 1239 1232 1240 1
1238 1239 1240 187 1
2018 1927 1674 1670 1
1674 1678 2018 1670 1
1678 1758 1674 2018 1
1007 1017 1982 447 1
1837 1963 473 1751 1
1916 311 314 1323 1
312 311 1916 1323 1
823 816 825 1118 1
458 1788 451 278 1
1215 1216 1212 1221 1
1212 1216 1226 1221 1
1383 1384 2020 1360 1
1388 1384 2020 1383 1
1388 2020 1379 1383 1
1968 1388 2020 1379 1
1968 1388 1384 2020 1
1384 1390 1300 1385 1
1330 2007 312 1916 1
1916 2007 312 1323 1
1719 1708 1714 1710 1
1973 210 257 776 1
202 1973 257 776 1
641 2057 482 499 1
82 78 80 69 1
1659 787 1950 1661 1
787 1659 1664 1661 1
1921 1644 1656 1927 1
1324 1323 1322 2059 1
399 402 751 437 1
1151 247 218 1152 1
17 45 58 1543 1
277 1916 311 313 1
237 1120 1944 2080 1
1657 2011 1637 1660 1
244 252 255 272 1
729 899 906 908 1
729 899 908 881 1
1251 1249 1231 1230 1
1251 1227 1230 1231 1
1981 1386 1410 1509 1
1326 1301 1329 1951 1
1175 1950 473 1663 1
1981 1154 1386 1411 1
1689 1701 911 1687 1
1852 268 1614 1577 1
1963 1751 1941 1663 1
1751 473 1950 1663 1
126 119 132 124 1
1486 1899 1487 1964 1
651 458 653 650 1
2059 311 312 1323 1
1576 1585 1582 1919 1
1656 1927 1648 1670 1
1575 1961 1596 1150 1
77 80 100 72 1
1904 284 1696 1895 1
193 81 191 189 1
498 1987 486 491 1
1689 1843 1684 1907 1
335 339 336 334 1
820 1102 2062 1118 1
1617 1626 1628 1622 1
1627 1628 1626 1622 1
1627 1622 1626 1625 1
1624 1622 1625 1626 1
825 811 1118 816 1
825 1945 811 816 1
1624 1626 1634 1611 1
526 472 494 474 1
527 472 494 526 1
579 669 578 2022 1
579 666 669 2022 1
2026 1617 1611 1626 1
2022 577 666 667 1
1661 787 1950 1665 1
1648 787 1950 1659 1
890 892 1020 1971 1
787 1661 1664 1665 1
490 1421 483 2023 1
1193 2041 624 1191 1
804 816 261 813 1
982 1099 826 834 1
1956 861 1650 857 1
176 1241 1282 182 1
826 982 1102 1099 1
1118 826 982 1102 1
1419 1936 1542 1416 1
206 208 2074 106 1
747 927 988 987 1
1692 1694 1969 1704 1
1061 258 835 2078 1
1366 1359 1361 197 1
884 1015 1018 889 1
215 1929 236 726 1
213 1929 236 215 1
1724 1726 1904 1725 1
1811 1812 1904 1725 1
1635 1634 1656 1618 1
1617 1611 1626 900 1
499 497 641 2057 1
641 497 495 2057 1
1379 1376 1154 1388 1
714 19 5 2003 1
1617 1626 1622 900 1
33 64 32 10 1
213 207 223 1937 1
213 207 1937 1929 1
1937 1929 207 1939 1
1880 714 16 4 1
918 916 939 913 1
1514 1506 1516 1095 1
1516 1506 1515 1095 1
1095 1506 1515 1511 1
1985 1829 2033 1817 1
1900 1502 1500 1492 1
1900 1501 1502 1492 1
1485 1482 1480 1901 1
1633 1653 2011 1637 1
1473 400 2021 401 1
2077 369 359 370 1
402 2021 1966 1474 1
733 258 2078 136 1
1721 604 2025 597 1
52 76 54 1540 1
57 52 54 42 1
1543 32 31 46 1
33 32 1543 46 1
46 44 1543 33 1
1985 1823 1815 1824 1
1697 1985 1815 1824 1
1416 1422 1419 1936 1
1814 1823 1815 1985 1
564 592 590 2028 1
598 564 2028 592 1
592 595 2028 598 1
592 594 2028 595 1
2030 24 20 2 1
2034 523 515 811 1
1282 1241 188 182 1
982 1099 834 835 1
821 1063 982 835 1
982 1063 1099 835 1
1063 1099 1100 982 1
1404 1177 1171 1181 1
1342 1350 1343 421 1
2066 1946 6 1909 1
593 587 592 594 1
1689 911 1692 1969 1
1962 1689 1818 1913 1
423 2014 417 429 1
1655 1653 1633 1637 1
1653 1659 1637 1655 1
1853 1854 1852 2029 1
1768 1772 1757 1793 1
1542 1529 76 1537 1
862 864 845 1995 1
1995 864 845 846 1
847 862 1995 848 1
1283 1762 1757 84 1
1973 202 2000 776 1
1523 1513 1408 1422 1
1601 1600 1576 2054 1
1823 1985 1829 1833 1
952 963 938 942 1
822 1085 1064 1915 1
1405 1534 2002 1403 1
345 412 365 415 1
1501 1953 1502 1504 1
1953 1505 1502 1504 1
1950 1941 1758 1751 1
1918 1614 2029 1150 1
2032 253 239 246 1
1929 206 208 2074 1
1133 1165 1314 1126 1
1591 1586 1601 1909 1
1936 1422 1424 1527 1
2071 1089 807 806 1
870 1758 1969 1941 1
1666 1758 1969 1691 1
714 23 2003 8 1
1442 12 1906 1905 1
853 1051 2072 855 1
143 170 148 2031 1
148 170 171 2031 1
148 171 169 2031 1
1363 2001 1364 1348 1
1346 2001 1359 1348 1
2007 1324 312 1323 1
1346 1361 1359 2001 1
878 861 877 1956 1
906 908 915 916 1
1963 1686 1829 1274 1
1956 1978 861 857 1
878 1978 861 1956 1
882 883 1922 885 1
511 519 499 509 1
1332 1343 1342 1590 1
771 238 210 1929 1
261 816 823 1118 1
1916 314 315 1330 1
312 1916 315 1330 1
66 218 219 1990 1
1719 84 1722 940 1
18 1880 714 16 1
873 871 876 260 1
1406 1412 1407 1428 1
1565 6 1561 433 1
54 2019 38 42 1
1407 1387 1428 1410 1
1406 1407 1387 1428 1
1985 1686 1829 1833 1
504 510 2048 507 1
1824 1697 1962 1827 1
244 252 2032 255 1
429 439 426 2050 1
1606 1959 1614 1576 1
1605 1959 1606 1576 1
1582 1576 1959 1605 1
1582 1959 1608 1605 1
1605 1608 1606 1959 1
1606 1918 1614 1959 1
438 735 48 727 1
733 856 859 858 1
1061 1070 1057 1068 1
1057 1070 1055 1068 1
848 733 857 1995 1
2072 859 857 733 1
2034 515 831 811 1
832 1112 831 2034 1
832 1932 1112 2034 1
808 2034 523 832 1
1496 1501 1926 1900 1
1751 1907 1834 1963 1
2035 521 802 523 1
1523 1522 1422 1527 1
855 854 853 840 1
902 881 880 2036 1
880 1044 902 2036 1
493 790 464 460 1
902 881 2036 892 1
273 460 493 464 1
2036 880 1044 1971 1
1489 1492 1491 1965 1
156 1974 162 165 1
668 672 2037 688 1
668 672 673 2037 1
668 673 687 2037 1
621 613 2038 616 1
2038 613 1940 616 1
615 613 1940 2038 1
615 1940 617 2038 1
615 617 1200 2038 1
621 615 1200 2038 1
621 613 615 2038 1
245 2014 241 244 1
63 47 1554 62 1
897 896 879 729 1
1522 1520 1422 1527 1
1641 1912 901 1645 1
385 2039 388 384 1
385 368 388 2039 1
388 368 369 2039 1
385 383 368 2039 1
825 1945 816 827 1
768 1102 1111 826 1
811 1111 768 1109 1
768 1111 1102 1109 1
1079 841 1958 1064 1
1711 419 1695 1712 1
36 15 1902 2010 1
1902 15 31 2010 1
1941 1751 1950 1663 1
1798 1794 1757 1754 1
2040 1358 1382 1381 1
2040 1382 1379 1381 1
1360 1382 1379 2040 1
1360 1358 1382 2040 1
2043 580 670 579 1
2010 1902 36 2019 1
1838 1833 1831 1963 1
1838 1836 1963 1831 1
1838 1836 1686 1963 1
857 862 1956 863 1
481 641 1988 1421 1
1987 1421 1932 641 1
482 500 641 499 1
641 500 501 499 1
500 501 1988 641 1
500 641 1988 482 1
1416 1422 1936 1527 1
389 390 1955 385 1
1690 1688 1665 1972 1
1194 2041 624 1193 1
624 1942 1191 2041 1
1942 1191 2041 1195 1
1274 1663 1963 1941 1
1963 1663 1831 473 1
1437 1430 1433 1427 1
1764 1994 1173 2 1
1912 1647 1645 1652 1
1912 1647 1652 1651 1
473 1912 1652 1651 1
1045 1971 1044 878 1
1045 1020 1044 1971 1
1611 1606 1613 1552 1
1849 1580 2029 1918 1
1655 1633 1639 1637 1
1597 1591 1603 1601 1
1591 1597 1909 1601 1
1601 1597 1909 1905 1
1411 1981 1509 1386 1
816 827 804 823 1
665 577 666 2022 1
6 1946 17 1764 1
820 813 1398 2060 1
1660 1654 1952 1658 1
1660 2011 1637 1952 1
1637 2011 1634 1952 1
93 92 74 90 1
93 90 74 77 1
105 85 99 101 1
2043 579 575 582 1
580 579 2043 582 1
581 2043 582 580 1
911 1689 1980 1913 1
1624 1631 1625 1623 1
271 417 2014 267 1
238 239 237 220 1
1716 1896 1699 1711 1
1543 64 33 1898 1
1377 1510 1509 1508 1
433 1543 1898 17 1
1719 1723 1713 1726 1
1317 1321 2059 1323 1
1317 2059 1322 1323 1
99 107 105 101 1
1149 1284 1279 1158 1
1540 1875 54 38 1
605 643 609 640 1
1253 1250 1245 1224 1
277 310 986 311 1
115 116 2046 139 1
2046 141 115 139 1
139 2046 141 147 1
2046 145 141 147 1
145 141 115 2046 1
1498 1506 1503 1897 1
274 294 271 272 1
1375 1373 1933 1376 1
1114 274 294 271 1
2011 1654 1635 1952 1
1654 1952 1854 1635 1
1854 1635 1952 1851 1
504 2048 1988 500 1
625 2069 1186 1190 1
1288 1292 1287 1159 1
805 818 819 804 1
497 535 534 538 1
535 513 538 497 1
848 136 265 844 1
1934 2019 38 1902 1
1498 1953 1500 1926 1
1683 1758 1674 1678 1
1173 2010 22 1994 1
245 264 263 1533 1
1480 282 1475 1479 1
282 1475 1476 1480 1
6 1764 1898 1 1
2054 1600 1576 1606 1
889 895 1013 1971 1
1969 1687 870 1689 1
1914 1841 1912 1842 1
2044 2074 66 207 1
1007 2058 1013 890 1
167 171 2049 166 1
167 171 173 2049 1
171 172 173 2049 1
2029 1635 1854 1851 1
1577 2029 1854 1851 1
1577 1850 2029 1851 1
2029 1850 1635 1851 1
1637 1641 1639 1655 1
1915 2071 824 822 1
757 762 759 754 1
887 876 893 2017 1
2009 314 1341 1335 1
2009 1903 1341 314 1
1330 1903 2009 314 1
1330 324 2009 1903 1
2009 324 1341 1903 1
324 1330 2009 1340 1
1278 1279 1281 1158 1
1153 1152 1279 1158 1
1276 1152 1279 1153 1
1908 776 210 1120 1
120 112 105 107 1
870 1689 1907 1941 1
2054 1576 1604 1606 1
915 908 906 899 1
1079 1915 1064 1085 1
273 528 472 494 1
260 857 874 2079 1
2019 1540 38 979 1
260 858 1970 733 1
261 813 1118 820 1
207 219 221 1990 1
1922 882 879 866 1
878 1763 652 868 1
1580 1614 2029 1918 1
1980 911 1913 1895 1
357 367 2051 369 1
229 227 225 230 1
2021 1474 751 1472 1
1683 1677 1691 1758 1
1473 2021 751 1472 1
423 442 445 441 1
433 44 886 1543 1
1609 1918 1983 1618 1
1635 1983 1656 1850 1
1569 33 1898 886 1
512 506 1277 507 1
2022 578 579 575 1
573 574 577 1935 1
1921 1618 1644 1668 1
1591 1597 2030 1909 1
1716 1896 222 1713 1
1896 1713 1895 222 1
437 400 399 394 1
841 845 830 807 1
355 2068 353 354 1
561 562 553 2015 1
2015 562 553 563 1
558 563 2015 553 1
558 2015 561 553 1
561 566 2015 558 1
2015 566 563 558 1
1099 1101 2052 1096 1
840 1101 2052 1099 1
1946 1909 8 6 1
895 875 889 884 1
1015 884 895 889 1
1202 1207 1206 1201 1
1248 1247 1551 63 1
57 69 77 54 1
1754 1723 84 1719 1
877 1036 874 1038 1
1050 859 1043 1051 1
1166 1160 1124 1125 1
1987 486 481 1924 1
498 486 1987 1924 1
1362 1366 1363 197 1
1451 163 1974 161 1
1692 1689 1980 911 1
1064 2013 821 1062 1
1064 1065 2013 1062 1
1420 1624 1634 2011 1
1831 1833 1663 1963 1
470 469 548 472 1
470 548 547 472 1
473 1839 1642 1641 1
1082 869 1081 846 1
982 1118 823 826 1
823 826 834 982 1
1614 2029 1150 1853 1
396 397 1966 1483 1
1933 1373 1154 1376 1
1687 911 1699 1701 1
186 1240 188 1241 1
1380 1373 1154 1933 1
805 804 814 817 1
1603 1606 1610 2054 1
2043 670 2055 579 1
579 578 669 2055 1
618 1954 614 596 1
675 2043 2055 578 1
675 2043 670 2055 1
103 102 101 124 1
910 909 890 729 1
896 890 892 729 1
1935 567 575 576 1
2075 354 355 364 1
2041 1195 1192 1210 1
243 777 427 2004 1
1194 1195 2041 1210 1
1972 1688 1665 1666 1
74 82 69 71 1
889 878 1971 1682 1
982 821 2065 2013 1
1377 2056 1376 1508 1
493 2057 273 486 1
1924 2057 495 497 1
1934 2019 1902 31 1
2057 494 482 499 1
499 497 2057 531 1
1924 493 2057 497 1
881 652 892 879 1
495 497 641 513 1
1379 1376 1933 1154 1
846 733 1068 1061 1
2048 2023 501 1277 1
927 916 909 910 1
1171 1280 1177 1404 1
1851 1952 1923 1656 1
598 600 554 2027 1
892 652 1971 642 1
642 652 1971 875 1
985 2058 907 2053 1
481 1988 484 1421 1
986 310 309 311 1
1584 1946 2066 1909 1
1707 1709 1714 1710 1
1709 1719 1714 1710 1
1714 1708 1706 1710 1
1707 1714 1706 1710 1
846 1958 841 1061 1
1659 1952 1637 1923 1
1656 1923 1637 1952 1
1413 1417 1418 123 1
1229 1234 1232 1235 1
304 2059 1319 1320 1
304 2059 312 1319 1
304 311 312 2059 1
545 790 493 460 1
460 783 790 463 1
829 824 836 830 1
593 589 587 594 1
591 587 593 589 1
591 592 593 587 1
1190 1185 2069 1186 1
346 2068 353 355 1
500 2048 1277 507 1
81 70 94 71 1
1120 1121 2080 249 1
2019 52 51 42 1
52 62 2019 51 1
62 47 2019 51 1
1108 1087 2060 813 1
1108 2060 1107 813 1
1108 1086 1107 2060 1
1108 1087 1086 2060 1
1093 982 2065 2013 1
2013 821 2065 822 1
1680 1950 1677 787 1
787 1950 1677 2018 1
1671 787 1677 2018 1
1996 6 1909 1571 1
12 1996 1909 1571 1
1913 911 1701 1896 1
1996 6 8 1909 1
12 1571 1893 1996 1
1996 1571 1893 6 1
2010 1556 1994 45 1
1898 64 33 10 1
1590 1343 1348 1349 1
1346 1590 1348 1349 1
1346 1590 2001 1348 1
1590 1343 2001 1348 1
1350 1343 2001 1590 1
1350 1590 2001 1346 1
1421 501 1988 2023 1
1633 1653 1632 2011 1
520 802 2062 811 1
520 802 813 2062 1
1062 1066 1092 1063 1
1590 1354 1342 1325 1
1656 1850 1983 1670 1
1987 1421 489 1932 1
480 1421 489 1987 1
480 1421 1987 481 1
181 180 179 2063 1
184 181 179 2063 1
184 2063 179 185 1
184 177 2063 185 1
184 181 2063 177 1
181 180 2063 177 1
1311 2064 1314 1315 1
1317 1315 1314 2064 1
1312 1311 1315 2064 1
689 696 687 664 1
1091 1086 2013 2065 1
261 2065 820 982 1
1500 1506 1503 1498 1
1086 822 2060 1087 1
1420 2011 1634 1637 1
2042 1762 84 1716 1
1336 421 1345 1344 1
421 1350 1345 1344 1
1764 1880 1173 1898 1
1545 1541 1546 1544 1
1412 1416 1523 1408 1
38 1874 1875 39 1
671 2055 670 669 1
677 2055 670 671 1
677 674 2055 671 1
676 677 674 2055 1
676 677 2055 670 1
2040 1359 1348 1356 1
2040 1359 1356 1358 1
1360 2040 1355 1358 1
1362 1359 1348 2040 1
701 699 692 664 1
692 699 689 664 1
698 704 710 697 1
824 1915 821 841 1
696 691 690 697 1
1065 1088 1061 1064 1
1277 512 507 2024 1
1277 512 2024 520 1
1587 851 2045 1442 1
1581 2066 1584 1568 1
1568 2066 1578 1581 1
1577 268 1572 1852 1
1909 2066 1584 1581 1
1919 2066 1909 1581 1
1940 1954 614 618 1
34 1920 1902 15 1
34 1934 1902 1920 1
2071 813 261 822 1
1603 2054 1610 1601 1
64 1289 1898 3 1
846 733 1970 1068 1
1317 1319 1322 2059 1
1324 2059 1322 1319 1
1324 1319 312 2059 1
1723 1762 84 2042 1
2032 237 239 249 1
48 731 715 728 1
727 48 715 728 1
884 1025 895 1032 1
577 574 575 1935 1
577 2022 1935 575 1
1823 1985 1833 1838 1
1937 220 225 224 1
213 1937 223 224 1
213 1937 224 236 1
1937 220 224 236 1
1887 2016 1530 1888 1
1887 40 2016 1888 1
642 890 892 896 1
1962 1696 1697 1985 1
2004 1908 771 238 1
1686 1962 1825 1985 1
1686 1696 1962 1985 1
22 1869 36 1873 1
1153 1170 1276 1144 1
890 907 2058 2053 1
1980 1689 1962 1913 1
1192 2069 1190 1185 1
2069 1185 1191 1186 1
1272 2008 1271 205 1
1486 1478 1910 1465 1
777 1120 1908 237 1
1220 1210 2067 1219 1
1256 1219 2067 1210 1
1256 1252 2067 1219 1
1225 1219 2067 1252 1
1225 2067 1257 1252 1
1256 1252 1257 2067 1
896 729 892 879 1
729 881 892 879 1
1224 1227 1251 1231 1
1852 268 1598 1575 1
1251 1227 1228 1230 1
1692 911 419 1695 1
260 858 1074 1970 1
821 261 824 823 1
1606 2054 1603 1604 1
1588 1961 2045 1623 1
36 2019 38 979 1
1926 1501 1502 1900 1
1931 152 156 772 1
431 242 426 726 1
846 1080 1068 1074 1
846 869 1081 1079 1
841 846 1081 1079 1
2054 1601 1603 1604 1
846 1078 869 1079 1
1078 846 1074 1079 1
1079 1074 1080 846 1
1969 1694 1681 1704 1
1082 845 841 807 1
345 2068 340 347 1
345 2068 1949 340 1
2068 346 1949 340 1
1949 346 2068 348 1
348 353 346 2068 1
348 353 2068 345 1
1949 2068 345 348 1
1192 1191 2069 1185 1
1191 2069 1193 1192 1
2069 1190 1193 1192 1
1193 2069 624 1190 1
624 2069 625 1190 1
624 1191 625 2069 1
1193 1191 624 2069 1
1635 1611 1634 1618 1
1904 222 1895 1713 1
77 72 100 76 1
1896 1786 1913 1778 1
1523 1527 1529 1530 1
1529 1519 1416 1523 1
1529 1523 1416 1527 1
427 2004 242 424 1
883 1922 875 865 1
241 242 236 2004 1
823 982 835 821 1
106 2074 206 204 1
261 822 821 824 1
261 1118 823 982 1
1886 91 77 90 1
1948 1573 268 1574 1
1574 1573 268 1577 1
2040 1356 1348 1355 1
1353 1349 1352 1354 1
2072 1049 1047 861 1
2072 1049 861 1051 1
853 1049 2072 1051 1
1253 1225 1252 1250 1
852 854 860 2072 1
2031 148 1911 150 1
143 148 1911 2031 1
1911 141 143 144 1
149 1911 143 144 1
404 405 399 389 1
813 1398 2060 1107 1
1933 1381 1373 1375 1
820 2060 1398 1091 1
1591 1586 1603 1601 1
2065 2060 261 820 1
880 878 1971 652 1
197 1359 2001 1348 1
2048 1277 501 500 1
820 1105 2062 1103 1
2062 1105 520 1103 1
2062 1103 520 1104 1
2062 1102 1109 768 1
820 1104 2062 1102 1
820 1103 2062 1104 1
1061 1088 1080 1064 1
923 928 924 916 1
846 1970 1074 1068 1
1461 1457 1464 1438 1
1908 771 210 776 1
2057 1924 481 486 1
475 2057 481 486 1
475 273 2057 486 1
1565 2066 1561 6 1
2066 6 1568 1561 1
1578 2066 1568 1561 1
1565 1578 1561 2066 1
1578 1571 2066 1565 1
1577 1574 1572 268 1
1634 1635 1656 1952 1
1353 1354 1352 1325 1
336 1949 335 337 1
337 1949 335 348 1
1949 338 335 348 1
336 338 335 1949 1
340 338 336 1949 1
1013 890 2058 2053 1
911 1687 1699 1695 1
1896 1778 1913 1697 1
1424 2000 1423 1419 1
1480 1901 282 1479 1
1109 515 1111 516 1
726 770 727 432 1
1109 515 811 1111 1
1655 1839 1832 1175 1
890 1020 892 907 1
356 358 2075 355 1
2075 355 347 356 1
357 2075 347 356 1
2075 347 354 357 1
355 347 354 2075 1
493 791 793 1924 1
1030 903 955 447 1
2018 1678 1677 1670 1
1648 1670 2018 1673 1
123 2002 1403 1413 1
2008 1279 1273 1275 1
374 383 2039 368 1
359 374 2039 368 1
369 359 2039 368 1
1149 210 1973 1944 1
1149 1973 1284 1944 1
218 1939 1973 210 1
1061 1958 1064 1080 1
1079 1080 1958 846 1
846 1080 1958 1061 1
159 158 1931 772 1
1905 1906 1996 12 1
1996 1905 12 1909 1
357 369 2077 370 1
357 2077 369 2051 1
2077 359 369 2051 1
2077 358 359 2051 1
357 358 2077 2051 1
359 360 356 2077 1
204 2008 205 66 1
1697 1980 1913 1895 1
1697 1696 1980 1895 1
641 495 481 2057 1
1818 1689 1846 1913 1
754 775 760 759 1
338 350 349 348 1
1211 1208 1209 1212 1
1208 1213 1209 1212 1
2067 1256 1210 1192 1
2067 2041 1192 1210 1
2067 1194 2041 1210 1
1194 1210 2067 1220 1
1194 2067 1257 1220 1
1257 1194 2041 2067 1
1257 2041 1192 2067 1
1257 1256 2067 1192 1
243 777 2004 238 1
778 431 711 726 1
27 2030 24 1593 1
458 544 528 460 1
437 401 400 394 1
903 447 905 955 1
1919 1578 1571 2066 1
73 57 77 54 1
62 1551 1546 1554 1
425 242 412 429 1
1571 2066 1909 1919 1
1307 1309 2064 1313 1
1309 1313 1314 2064 1
1308 2064 1314 1311 1
1307 1308 1311 2064 1
621 1199 616 2038 1
1198 621 1200 2038 1
1198 1200 1205 2038 1
1520 1423 1422 1424 1
1520 1424 1422 1527 1
1136 1129 1127 1119 1
1454 1424 1520 1527 1
1454 1423 1520 1424 1
161 156 1974 1957 1
1102 1104 2062 1109 1
710 439 711 436 1
1665 1663 1972 1666 1
1262 1268 1259 1261 1
1259 1260 1261 1268 1
1898 1173 1543 3 1
1764 1173 17 1898 1
62 47 51 67 1
62 47 67 63 1
825 1945 827 831 1
1714 1904 1713 222 1
1141 634 1142 1144 1
1119 1123 1125 1126 1
1598 268 1572 1948 1
136 852 848 733 1
1129 1140 1138 1136 1
733 258 1061 2078 1
223 207 221 1990 1
202 204 257 1973 1

End
